Date,NAO,label
1824-01-01,-0.16,ColdRelate
1824-02-01,0.25,WarmRelate
1824-03-01,-1.44,ColdRelate
1824-04-01,1.46,WarmRelate
1824-05-01,1.34,WarmRelate
1824-06-01,-3.94,ColdRelate
1824-07-01,-2.75,ColdRelate
1824-08-01,-0.08,ColdRelate
1824-09-01,0.19,WarmRelate
1824-10-01,-1.0,ColdRelate
1824-11-01,-0.7,ColdRelate
1824-12-01,-0.01,ColdRelate
1825-01-01,-0.23,ColdRelate
1825-02-01,0.21,WarmRelate
1825-03-01,0.33,WarmRelate
1825-04-01,-0.28,ColdRelate
1825-05-01,0.13,WarmRelate
1825-06-01,0.41,WarmRelate
1825-07-01,-0.92,ColdRelate
1825-08-01,1.43,WarmRelate
1825-09-01,-0.95,ColdRelate
1825-10-01,1.98,WarmRelate
1825-11-01,1.06,WarmRelate
1825-12-01,-1.31,ColdRelate
1826-01-01,-3.05,ColdRelate
1826-02-01,4.87,WarmRelate
1826-03-01,-0.97,ColdRelate
1826-04-01,1.78,WarmRelate
1826-05-01,-1.2,ColdRelate
1826-06-01,0.83,WarmRelate
1826-07-01,1.89,WarmRelate
1826-08-01,2.72,WarmRelate
1826-09-01,-0.76,ColdRelate
1826-10-01,0.18,WarmRelate
1826-11-01,-2.41,ColdRelate
1826-12-01,-0.59,ColdRelate
1827-01-01,-0.45,ColdRelate
1827-02-01,-3.72,ColdRelate
1827-03-01,1.83,WarmRelate
1827-04-01,-0.83,ColdRelate
1827-05-01,1.2,WarmRelate
1827-06-01,-0.07,ColdRelate
1827-07-01,2.02,WarmRelate
1827-08-01,-3.56,ColdRelate
1827-09-01,-0.07,ColdRelate
1827-10-01,-3.02,ColdRelate
1827-11-01,-1.42,ColdRelate
1827-12-01,2.7,WarmRelate
1828-01-01,1.27,WarmRelate
1828-02-01,0.37,WarmRelate
1828-03-01,-0.18,ColdRelate
1828-04-01,0.04,WarmRelate
1828-05-01,-1.59,ColdRelate
1828-06-01,-1.33,ColdRelate
1828-07-01,-4.4,ColdRelate
1828-08-01,-2.54,ColdRelate
1828-09-01,-2.78,ColdRelate
1828-10-01,0.1,WarmRelate
1828-11-01,-2.57,ColdRelate
1828-12-01,3.04,WarmRelate
1829-01-01,-2.48,ColdRelate
1829-02-01,0.32,WarmRelate
1829-03-01,-2.54,ColdRelate
1829-04-01,0.12,WarmRelate
1829-05-01,1.8,WarmRelate
1829-06-01,-0.1,ColdRelate
1829-07-01,0.33,WarmRelate
1829-08-01,0.77,WarmRelate
1829-09-01,0.78,WarmRelate
1829-10-01,0.71,WarmRelate
1829-11-01,-0.33,ColdRelate
1829-12-01,-0.43,ColdRelate
1830-01-01,-2.33,ColdRelate
1830-02-01,1.2,WarmRelate
1830-03-01,3.58,WarmRelate
1830-04-01,3.08,WarmRelate
1830-05-01,-0.05,ColdRelate
1830-06-01,-0.85,ColdRelate
1830-07-01,3.19,WarmRelate
1830-08-01,-0.35,ColdRelate
1830-09-01,2.04,WarmRelate
1830-10-01,2.04,WarmRelate
1830-11-01,2.19,WarmRelate
1830-12-01,-3.13,ColdRelate
1831-01-01,-2.91,ColdRelate
1831-02-01,1.4,WarmRelate
1831-03-01,1.48,WarmRelate
1831-04-01,-3.15,ColdRelate
1831-05-01,-2.47,ColdRelate
1831-06-01,-1.36,ColdRelate
1831-07-01,2.71,WarmRelate
1831-08-01,-3.04,ColdRelate
1831-09-01,-1.53,ColdRelate
1831-10-01,0.85,WarmRelate
1831-11-01,0.26,WarmRelate
1831-12-01,0.36,WarmRelate
1832-01-01,-0.04,ColdRelate
1832-02-01,0.83,WarmRelate
1832-03-01,2.12,WarmRelate
1832-04-01,-1.51,ColdRelate
1832-05-01,-1.96,ColdRelate
1832-06-01,-3.62,ColdRelate
1832-07-01,-2.57,ColdRelate
1832-08-01,0.92,WarmRelate
1832-09-01,1.45,WarmRelate
1832-10-01,2.25,WarmRelate
1832-11-01,0.62,WarmRelate
1832-12-01,3.32,WarmRelate
1833-01-01,-0.36,ColdRelate
1833-02-01,2.52,WarmRelate
1833-03-01,-2.89,ColdRelate
1833-04-01,2.02,WarmRelate
1833-05-01,0.69,WarmRelate
1833-06-01,-1.52,ColdRelate
1833-07-01,0.13,WarmRelate
1833-08-01,-1.74,ColdRelate
1833-09-01,-0.93,ColdRelate
1833-10-01,-1.75,ColdRelate
1833-11-01,1.4,WarmRelate
1833-12-01,4.17,WarmRelate
1834-01-01,3.07,WarmRelate
1834-02-01,2.66,WarmRelate
1834-03-01,1.37,WarmRelate
1834-04-01,-2.38,ColdRelate
1834-05-01,-1.03,ColdRelate
1834-06-01,0.27,WarmRelate
1834-07-01,-0.73,ColdRelate
1834-08-01,-0.86,ColdRelate
1834-09-01,-0.62,ColdRelate
1834-10-01,0.3,WarmRelate
1834-11-01,-2.28,ColdRelate
1834-12-01,0.11,WarmRelate
1835-01-01,0.37,WarmRelate
1835-02-01,3.37,WarmRelate
1835-03-01,1.54,WarmRelate
1835-04-01,-1.02,ColdRelate
1835-05-01,0.58,WarmRelate
1835-06-01,0.1,WarmRelate
1835-07-01,0.57,WarmRelate
1835-08-01,2.35,WarmRelate
1835-09-01,0.29,WarmRelate
1835-10-01,-0.3,ColdRelate
1835-11-01,-1.31,ColdRelate
1835-12-01,-1.46,ColdRelate
1836-01-01,1.47,WarmRelate
1836-02-01,0.06,WarmRelate
1836-03-01,2.28,WarmRelate
1836-04-01,0.87,WarmRelate
1836-05-01,-1.5,ColdRelate
1836-06-01,2.95,WarmRelate
1836-07-01,4.33,WarmRelate
1836-08-01,2.8,WarmRelate
1836-09-01,-1.59,ColdRelate
1836-10-01,-1.17,ColdRelate
1836-11-01,2.04,WarmRelate
1836-12-01,-1.41,ColdRelate
1837-01-01,-1.16,ColdRelate
1837-02-01,4.67,WarmRelate
1837-03-01,-3.08,ColdRelate
1837-04-01,-0.56,ColdRelate
1837-05-01,-1.02,ColdRelate
1837-06-01,-2.98,ColdRelate
1837-07-01,-2.4,ColdRelate
1837-08-01,0.01,WarmRelate
1837-09-01,0.17,WarmRelate
1837-10-01,2.52,WarmRelate
1837-11-01,1.34,WarmRelate
1837-12-01,1.37,WarmRelate
1838-01-01,-2.16,ColdRelate
1838-02-01,-1.81,ColdRelate
1838-03-01,1.23,WarmRelate
1838-04-01,-0.61,ColdRelate
1838-05-01,-2.16,ColdRelate
1838-06-01,1.24,WarmRelate
1838-07-01,0.11,WarmRelate
1838-08-01,1.16,WarmRelate
1838-09-01,1.46,WarmRelate
1838-10-01,0.59,WarmRelate
1838-11-01,-2.65,ColdRelate
1838-12-01,2.55,WarmRelate
1839-01-01,1.24,WarmRelate
1839-02-01,4.2,WarmRelate
1839-03-01,0.79,WarmRelate
1839-04-01,1.4,WarmRelate
1839-05-01,-0.94,ColdRelate
1839-06-01,0.01,WarmRelate
1839-07-01,1.14,WarmRelate
1839-08-01,0.04,WarmRelate
1839-09-01,1.09,WarmRelate
1839-10-01,-1.27,ColdRelate
1839-11-01,-2.89,ColdRelate
1839-12-01,-0.63,ColdRelate
1840-01-01,2.97,WarmRelate
1840-02-01,-0.4,ColdRelate
1840-03-01,-3.05,ColdRelate
1840-04-01,0.87,WarmRelate
1840-05-01,-0.58,ColdRelate
1840-06-01,-0.08,ColdRelate
1840-07-01,1.23,WarmRelate
1840-08-01,0.05,WarmRelate
1840-09-01,0.46,WarmRelate
1840-10-01,-2.5,ColdRelate
1840-11-01,0.46,WarmRelate
1840-12-01,-2.43,ColdRelate
1841-01-01,-0.71,ColdRelate
1841-02-01,-1.37,ColdRelate
1841-03-01,2.41,WarmRelate
1841-04-01,1.97,WarmRelate
1841-05-01,1.65,WarmRelate
1841-06-01,-0.61,ColdRelate
1841-07-01,-0.62,ColdRelate
1841-08-01,2.39,WarmRelate
1841-09-01,-2.76,ColdRelate
1841-10-01,-2.13,ColdRelate
1841-11-01,1.76,WarmRelate
1841-12-01,0.21,WarmRelate
1842-01-01,2.45,WarmRelate
1842-02-01,4.26,WarmRelate
1842-03-01,3.43,WarmRelate
1842-04-01,-0.44,ColdRelate
1842-05-01,-0.85,ColdRelate
1842-06-01,-4.3,ColdRelate
1842-07-01,-4.05,ColdRelate
1842-08-01,1.03,WarmRelate
1842-09-01,-3.8,ColdRelate
1842-10-01,-3.73,ColdRelate
1842-11-01,-2.66,ColdRelate
1842-12-01,0.51,WarmRelate
1843-01-01,2.99,WarmRelate
1843-02-01,-3.51,ColdRelate
1843-03-01,-1.28,ColdRelate
1843-04-01,2.03,WarmRelate
1843-05-01,-0.49,ColdRelate
1843-06-01,-1.92,ColdRelate
1843-07-01,3.26,WarmRelate
1843-08-01,3.99,WarmRelate
1843-09-01,-0.58,ColdRelate
1843-10-01,-1.9,ColdRelate
1843-11-01,0.87,WarmRelate
1843-12-01,3.13,WarmRelate
1844-01-01,0.2,WarmRelate
1844-02-01,0.11,WarmRelate
1844-03-01,1.09,WarmRelate
1844-04-01,3.91,WarmRelate
1844-05-01,-2.77,ColdRelate
1844-06-01,-0.12,ColdRelate
1844-07-01,0.37,WarmRelate
1844-08-01,-1.0,ColdRelate
1844-09-01,-1.53,ColdRelate
1844-10-01,-0.99,ColdRelate
1844-11-01,-0.02,ColdRelate
1844-12-01,-1.9,ColdRelate
1845-01-01,1.17,WarmRelate
1845-02-01,0.06,WarmRelate
1845-03-01,-0.54,ColdRelate
1845-04-01,0.56,WarmRelate
1845-05-01,-0.97,ColdRelate
1845-06-01,2.07,WarmRelate
1845-07-01,-0.16,ColdRelate
1845-08-01,-0.29,ColdRelate
1845-09-01,-0.23,ColdRelate
1845-10-01,1.14,WarmRelate
1845-11-01,0.49,WarmRelate
1845-12-01,0.83,WarmRelate
1846-01-01,2.26,WarmRelate
1846-02-01,0.63,WarmRelate
1846-03-01,1.75,WarmRelate
1846-04-01,-1.42,ColdRelate
1846-05-01,0.19,WarmRelate
1846-06-01,1.45,WarmRelate
1846-07-01,2.84,WarmRelate
1846-08-01,-0.3,ColdRelate
1846-09-01,-1.18,ColdRelate
1846-10-01,0.01,WarmRelate
1846-11-01,-0.59,ColdRelate
1846-12-01,-2.55,ColdRelate
1847-01-01,0.03,WarmRelate
1847-02-01,0.1,WarmRelate
1847-03-01,-1.59,ColdRelate
1847-04-01,1.17,WarmRelate
1847-05-01,1.76,WarmRelate
1847-06-01,-0.26,ColdRelate
1847-07-01,0.75,WarmRelate
1847-08-01,1.13,WarmRelate
1847-09-01,-0.32,ColdRelate
1847-10-01,0.44,WarmRelate
1847-11-01,2.46,WarmRelate
1847-12-01,1.76,WarmRelate
1848-01-01,-0.79,ColdRelate
1848-02-01,1.77,WarmRelate
1848-03-01,0.76,WarmRelate
1848-04-01,-1.02,ColdRelate
1848-05-01,0.69,WarmRelate
1848-06-01,-1.78,ColdRelate
1848-07-01,1.87,WarmRelate
1848-08-01,2.64,WarmRelate
1848-09-01,-2.55,ColdRelate
1848-10-01,-2.44,ColdRelate
1848-11-01,-0.84,ColdRelate
1848-12-01,2.55,WarmRelate
1849-01-01,2.42,WarmRelate
1849-02-01,2.77,WarmRelate
1849-03-01,-0.56,ColdRelate
1849-04-01,-0.99,ColdRelate
1849-05-01,-0.52,ColdRelate
1849-06-01,-3.21,ColdRelate
1849-07-01,1.2,WarmRelate
1849-08-01,0.7,WarmRelate
1849-09-01,-2.23,ColdRelate
1849-10-01,-0.08,ColdRelate
1849-11-01,0.8,WarmRelate
1849-12-01,-1.24,ColdRelate
1850-01-01,-0.16,ColdRelate
1850-02-01,4.13,WarmRelate
1850-03-01,-2.22,ColdRelate
1850-04-01,0.97,WarmRelate
1850-05-01,-1.16,ColdRelate
1850-06-01,0.4,WarmRelate
1850-07-01,0.31,WarmRelate
1850-08-01,0.15,WarmRelate
1850-09-01,-2.08,ColdRelate
1850-10-01,-2.7,ColdRelate
1850-11-01,2.39,WarmRelate
1850-12-01,2.36,WarmRelate
1851-01-01,3.29,WarmRelate
1851-02-01,1.03,WarmRelate
1851-03-01,1.5,WarmRelate
1851-04-01,-1.66,ColdRelate
1851-05-01,-1.53,ColdRelate
1851-06-01,-1.62,ColdRelate
1851-07-01,-5.39,ColdRelate
1851-08-01,4.68,WarmRelate
1851-09-01,1.85,WarmRelate
1851-10-01,0.78,WarmRelate
1851-11-01,-1.77,ColdRelate
1851-12-01,1.74,WarmRelate
1852-01-01,1.46,WarmRelate
1852-02-01,0.41,WarmRelate
1852-03-01,-2.5,ColdRelate
1852-04-01,-1.6,ColdRelate
1852-05-01,0.25,WarmRelate
1852-06-01,0.09,WarmRelate
1852-07-01,-1.13,ColdRelate
1852-08-01,2.94,WarmRelate
1852-09-01,-2.02,ColdRelate
1852-10-01,-1.65,ColdRelate
1852-11-01,-0.93,ColdRelate
1852-12-01,1.03,WarmRelate
1853-01-01,1.31,WarmRelate
1853-02-01,-4.04,ColdRelate
1853-03-01,-0.32,ColdRelate
1853-04-01,0.76,WarmRelate
1853-05-01,-3.17,ColdRelate
1853-06-01,1.09,WarmRelate
1853-07-01,1.76,WarmRelate
1853-08-01,-2.36,ColdRelate
1853-09-01,-0.22,ColdRelate
1853-10-01,-0.47,ColdRelate
1853-11-01,0.51,WarmRelate
1853-12-01,-4.28,ColdRelate
1854-01-01,1.28,WarmRelate
1854-02-01,1.72,WarmRelate
1854-03-01,2.67,WarmRelate
1854-04-01,0.88,WarmRelate
1854-05-01,0.04,WarmRelate
1854-06-01,-0.06,ColdRelate
1854-07-01,-1.92,ColdRelate
1854-08-01,-0.03,ColdRelate
1854-09-01,2.62,WarmRelate
1854-10-01,1.11,WarmRelate
1854-11-01,-1.56,ColdRelate
1854-12-01,2.42,WarmRelate
1855-01-01,-1.84,ColdRelate
1855-02-01,-3.8,ColdRelate
1855-03-01,-0.05,ColdRelate
1855-04-01,0.99,WarmRelate
1855-05-01,-2.28,ColdRelate
1855-06-01,0.78,WarmRelate
1855-07-01,-2.61,ColdRelate
1855-08-01,3.81,WarmRelate
1855-09-01,0.79,WarmRelate
1855-10-01,-1.09,ColdRelate
1855-11-01,-2.42,ColdRelate
1855-12-01,-1.66,ColdRelate
1856-01-01,-1.25,ColdRelate
1856-02-01,-0.1,ColdRelate
1856-03-01,-2.27,ColdRelate
1856-04-01,2.0,WarmRelate
1856-05-01,-0.7,ColdRelate
1856-06-01,2.03,WarmRelate
1856-07-01,-0.16,ColdRelate
1856-08-01,-0.44,ColdRelate
1856-09-01,-0.5,ColdRelate
1856-10-01,1.12,WarmRelate
1856-11-01,-1.69,ColdRelate
1856-12-01,-0.23,ColdRelate
1857-01-01,-0.69,ColdRelate
1857-02-01,2.02,WarmRelate
1857-03-01,1.09,WarmRelate
1857-04-01,0.55,WarmRelate
1857-05-01,-0.17,ColdRelate
1857-06-01,-0.33,ColdRelate
1857-07-01,5.36,WarmRelate
1857-08-01,1.02,WarmRelate
1857-09-01,1.21,WarmRelate
1857-10-01,-0.2,ColdRelate
1857-11-01,-1.68,ColdRelate
1857-12-01,3.51,WarmRelate
1858-01-01,2.26,WarmRelate
1858-02-01,-0.54,ColdRelate
1858-03-01,-1.24,ColdRelate
1858-04-01,1.24,WarmRelate
1858-05-01,0.53,WarmRelate
1858-06-01,-0.24,ColdRelate
1858-07-01,-1.58,ColdRelate
1858-08-01,0.06,WarmRelate
1858-09-01,2.33,WarmRelate
1858-10-01,-1.86,ColdRelate
1858-11-01,-4.41,ColdRelate
1858-12-01,3.01,WarmRelate
1859-01-01,2.74,WarmRelate
1859-02-01,2.37,WarmRelate
1859-03-01,1.5,WarmRelate
1859-04-01,-1.12,ColdRelate
1859-05-01,-0.63,ColdRelate
1859-06-01,-0.06,ColdRelate
1859-07-01,2.24,WarmRelate
1859-08-01,1.82,WarmRelate
1859-09-01,0.11,WarmRelate
1859-10-01,-2.61,ColdRelate
1859-11-01,0.29,WarmRelate
1859-12-01,-1.31,ColdRelate
1860-01-01,1.54,WarmRelate
1860-02-01,0.32,WarmRelate
1860-03-01,1.08,WarmRelate
1860-04-01,-0.37,ColdRelate
1860-05-01,-1.51,ColdRelate
1860-06-01,-2.32,ColdRelate
1860-07-01,-2.27,ColdRelate
1860-08-01,-0.16,ColdRelate
1860-09-01,-0.92,ColdRelate
1860-10-01,2.28,WarmRelate
1860-11-01,-3.44,ColdRelate
1860-12-01,-2.14,ColdRelate
1861-01-01,-0.56,ColdRelate
1861-02-01,0.8,WarmRelate
1861-03-01,2.06,WarmRelate
1861-04-01,-1.86,ColdRelate
1861-05-01,-1.99,ColdRelate
1861-06-01,-1.04,ColdRelate
1861-07-01,0.73,WarmRelate
1861-08-01,2.91,WarmRelate
1861-09-01,-0.85,ColdRelate
1861-10-01,-0.8,ColdRelate
1861-11-01,-1.35,ColdRelate
1861-12-01,-1.5,ColdRelate
1862-01-01,1.15,WarmRelate
1862-02-01,-1.26,ColdRelate
1862-03-01,-2.25,ColdRelate
1862-04-01,0.64,WarmRelate
1862-05-01,0.65,WarmRelate
1862-06-01,-0.22,ColdRelate
1862-07-01,-2.08,ColdRelate
1862-08-01,-1.43,ColdRelate
1862-09-01,-1.5,ColdRelate
1862-10-01,1.75,WarmRelate
1862-11-01,-0.49,ColdRelate
1862-12-01,2.92,WarmRelate
1863-01-01,1.12,WarmRelate
1863-02-01,3.1,WarmRelate
1863-03-01,1.88,WarmRelate
1863-04-01,2.35,WarmRelate
1863-05-01,-1.49,ColdRelate
1863-06-01,-0.59,ColdRelate
1863-07-01,-0.43,ColdRelate
1863-08-01,0.1,WarmRelate
1863-09-01,2.46,WarmRelate
1863-10-01,-0.59,ColdRelate
1863-11-01,1.62,WarmRelate
1863-12-01,2.17,WarmRelate
1864-01-01,2.03,WarmRelate
1864-02-01,-0.27,ColdRelate
1864-03-01,-1.78,ColdRelate
1864-04-01,0.23,WarmRelate
1864-05-01,-1.83,ColdRelate
1864-06-01,1.76,WarmRelate
1864-07-01,0.5,WarmRelate
1864-08-01,-0.21,ColdRelate
1864-09-01,1.12,WarmRelate
1864-10-01,-6.05,WarmRelate
1864-11-01,0.01,WarmRelate
1864-12-01,-0.77,ColdRelate
1865-01-01,0.15,WarmRelate
1865-02-01,-0.42,ColdRelate
1865-03-01,-1.03,ColdRelate
1865-04-01,0.92,WarmRelate
1865-05-01,0.87,WarmRelate
1865-06-01,0.74,WarmRelate
1865-07-01,-0.07,ColdRelate
1865-08-01,-0.22,ColdRelate
1865-09-01,3.24,WarmRelate
1865-10-01,-2.66,ColdRelate
1865-11-01,-0.14,ColdRelate
1865-12-01,2.57,WarmRelate
1866-01-01,2.06,WarmRelate
1866-02-01,0.7,WarmRelate
1866-03-01,-2.1,ColdRelate
1866-04-01,-0.88,ColdRelate
1866-05-01,-1.54,ColdRelate
1866-06-01,-0.18,ColdRelate
1866-07-01,0.29,WarmRelate
1866-08-01,0.77,WarmRelate
1866-09-01,1.52,WarmRelate
1866-10-01,-0.03,ColdRelate
1866-11-01,1.01,WarmRelate
1866-12-01,2.14,WarmRelate
1867-01-01,-2.17,ColdRelate
1867-02-01,3.63,WarmRelate
1867-03-01,-3.03,ColdRelate
1867-04-01,3.08,WarmRelate
1867-05-01,-2.35,ColdRelate
1867-06-01,-1.2,ColdRelate
1867-07-01,-1.77,ColdRelate
1867-08-01,3.1,WarmRelate
1867-09-01,1.13,WarmRelate
1867-10-01,0.73,WarmRelate
1867-11-01,-1.51,ColdRelate
1867-12-01,-0.55,ColdRelate
1868-01-01,1.46,WarmRelate
1868-02-01,3.95,WarmRelate
1868-03-01,2.94,WarmRelate
1868-04-01,2.52,WarmRelate
1868-05-01,1.35,WarmRelate
1868-06-01,2.1,WarmRelate
1868-07-01,1.21,WarmRelate
1868-08-01,3.02,WarmRelate
1868-09-01,-2.65,ColdRelate
1868-10-01,1.87,WarmRelate
1868-11-01,-0.83,ColdRelate
1868-12-01,2.01,WarmRelate
1869-01-01,3.25,WarmRelate
1869-02-01,3.9,WarmRelate
1869-03-01,-1.91,ColdRelate
1869-04-01,2.62,WarmRelate
1869-05-01,-1.98,ColdRelate
1869-06-01,-0.71,ColdRelate
1869-07-01,0.29,WarmRelate
1869-08-01,1.15,WarmRelate
1869-09-01,0.62,WarmRelate
1869-10-01,-0.79,ColdRelate
1869-11-01,0.79,WarmRelate
1869-12-01,-0.69,ColdRelate
1870-01-01,0.32,WarmRelate
1870-02-01,-1.98,ColdRelate
1870-03-01,-2.07,ColdRelate
1870-04-01,2.92,WarmRelate
1870-05-01,1.55,WarmRelate
1870-06-01,0.56,WarmRelate
1870-07-01,-0.36,ColdRelate
1870-08-01,-3.41,ColdRelate
1870-09-01,1.71,WarmRelate
1870-10-01,1.3,WarmRelate
1870-11-01,-2.04,ColdRelate
1870-12-01,-3.52,ColdRelate
1871-01-01,0.67,WarmRelate
1871-02-01,1.71,WarmRelate
1871-03-01,1.15,WarmRelate
1871-04-01,-0.32,ColdRelate
1871-05-01,-2.5,ColdRelate
1871-06-01,-1.37,ColdRelate
1871-07-01,1.75,WarmRelate
1871-08-01,4.19,WarmRelate
1871-09-01,-1.93,ColdRelate
1871-10-01,-0.89,ColdRelate
1871-11-01,-3.72,ColdRelate
1871-12-01,-0.18,ColdRelate
1872-01-01,1.15,WarmRelate
1872-02-01,0.45,WarmRelate
1872-03-01,-1.2,ColdRelate
1872-04-01,-0.73,ColdRelate
1872-05-01,0.02,WarmRelate
1872-06-01,-0.34,ColdRelate
1872-07-01,-3.61,ColdRelate
1872-08-01,-1.43,ColdRelate
1872-09-01,-2.53,ColdRelate
1872-10-01,-0.91,ColdRelate
1872-11-01,0.67,WarmRelate
1872-12-01,-1.09,ColdRelate
1873-01-01,2.3,WarmRelate
1873-02-01,0.18,WarmRelate
1873-03-01,-0.39,ColdRelate
1873-04-01,-2.17,ColdRelate
1873-05-01,-0.93,ColdRelate
1873-06-01,0.78,WarmRelate
1873-07-01,-0.12,ColdRelate
1873-08-01,3.44,WarmRelate
1873-09-01,-0.57,ColdRelate
1873-10-01,-0.81,ColdRelate
1873-11-01,-2.23,ColdRelate
1873-12-01,2.01,WarmRelate
1874-01-01,1.56,WarmRelate
1874-02-01,2.07,WarmRelate
1874-03-01,1.47,WarmRelate
1874-04-01,2.99,WarmRelate
1874-05-01,-1.85,ColdRelate
1874-06-01,-0.76,ColdRelate
1874-07-01,0.18,WarmRelate
1874-08-01,0.82,WarmRelate
1874-09-01,0.74,WarmRelate
1874-10-01,0.86,WarmRelate
1874-11-01,-0.34,ColdRelate
1874-12-01,-2.12,ColdRelate
1875-01-01,2.06,WarmRelate
1875-02-01,-1.47,ColdRelate
1875-03-01,-0.61,ColdRelate
1875-04-01,-0.41,ColdRelate
1875-05-01,0.89,WarmRelate
1875-06-01,1.46,WarmRelate
1875-07-01,-1.44,ColdRelate
1875-08-01,1.71,WarmRelate
1875-09-01,-0.01,ColdRelate
1875-10-01,-0.75,ColdRelate
1875-11-01,-2.8,ColdRelate
1875-12-01,0.08,WarmRelate
1876-01-01,1.1,WarmRelate
1876-02-01,0.75,WarmRelate
1876-03-01,-0.29,ColdRelate
1876-04-01,-0.67,ColdRelate
1876-05-01,-1.45,ColdRelate
1876-06-01,1.71,WarmRelate
1876-07-01,3.48,WarmRelate
1876-08-01,1.02,WarmRelate
1876-09-01,-2.62,ColdRelate
1876-10-01,-2.19,ColdRelate
1876-11-01,-2.35,ColdRelate
1876-12-01,-1.13,ColdRelate
1877-01-01,2.39,WarmRelate
1877-02-01,1.96,WarmRelate
1877-03-01,-0.45,ColdRelate
1877-04-01,-2.3,ColdRelate
1877-05-01,-1.73,ColdRelate
1877-06-01,-0.32,ColdRelate
1877-07-01,1.18,WarmRelate
1877-08-01,-1.83,ColdRelate
1877-09-01,-3.74,ColdRelate
1877-10-01,1.25,WarmRelate
1877-11-01,2.06,WarmRelate
1877-12-01,2.16,WarmRelate
1878-01-01,1.18,WarmRelate
1878-02-01,2.2,WarmRelate
1878-03-01,-0.01,ColdRelate
1878-04-01,0.45,WarmRelate
1878-05-01,0.28,WarmRelate
1878-06-01,-1.54,ColdRelate
1878-07-01,-1.93,ColdRelate
1878-08-01,-2.46,ColdRelate
1878-09-01,-0.95,ColdRelate
1878-10-01,-1.44,ColdRelate
1878-11-01,-3.47,ColdRelate
1878-12-01,-3.31,ColdRelate
1879-01-01,-0.71,ColdRelate
1879-02-01,0.85,WarmRelate
1879-03-01,-0.08,ColdRelate
1879-04-01,0.1,WarmRelate
1879-05-01,0.63,WarmRelate
1879-06-01,-0.5,ColdRelate
1879-07-01,-1.57,ColdRelate
1879-08-01,-0.29,ColdRelate
1879-09-01,1.9,WarmRelate
1879-10-01,-1.88,ColdRelate
1879-11-01,-3.38,ColdRelate
1879-12-01,0.58,WarmRelate
1880-01-01,0.42,WarmRelate
1880-02-01,1.92,WarmRelate
1880-03-01,0.06,WarmRelate
1880-04-01,1.66,WarmRelate
1880-05-01,-1.78,ColdRelate
1880-06-01,0.45,WarmRelate
1880-07-01,-1.9,ColdRelate
1880-08-01,-0.43,ColdRelate
1880-09-01,0.92,WarmRelate
1880-10-01,-3.2,ColdRelate
1880-11-01,1.19,WarmRelate
1880-12-01,0.52,WarmRelate
1881-01-01,-3.6,ColdRelate
1881-02-01,-1.62,ColdRelate
1881-03-01,-0.51,ColdRelate
1881-04-01,-1.42,ColdRelate
1881-05-01,0.82,WarmRelate
1881-06-01,0.01,WarmRelate
1881-07-01,2.1,WarmRelate
1881-08-01,0.42,WarmRelate
1881-09-01,-0.25,ColdRelate
1881-10-01,-2.04,ColdRelate
1881-11-01,4.34,WarmRelate
1881-12-01,2.77,WarmRelate
1882-01-01,3.07,WarmRelate
1882-02-01,3.2,WarmRelate
1882-03-01,3.61,WarmRelate
1882-04-01,-0.42,ColdRelate
1882-05-01,-0.68,ColdRelate
1882-06-01,-0.64,ColdRelate
1882-07-01,1.6,WarmRelate
1882-08-01,2.05,WarmRelate
1882-09-01,0.4,WarmRelate
1882-10-01,0.65,WarmRelate
1882-11-01,2.01,WarmRelate
1882-12-01,-1.69,ColdRelate
1883-01-01,1.67,WarmRelate
1883-02-01,4.25,WarmRelate
1883-03-01,-3.04,ColdRelate
1883-04-01,0.88,WarmRelate
1883-05-01,-0.54,ColdRelate
1883-06-01,-1.75,ColdRelate
1883-07-01,-2.25,ColdRelate
1883-08-01,3.0,WarmRelate
1883-09-01,0.47,WarmRelate
1883-10-01,1.68,WarmRelate
1883-11-01,2.36,WarmRelate
1883-12-01,0.91,WarmRelate
1884-01-01,3.32,WarmRelate
1884-02-01,1.48,WarmRelate
1884-03-01,0.19,WarmRelate
1884-04-01,-2.36,ColdRelate
1884-05-01,-0.17,ColdRelate
1884-06-01,0.5,WarmRelate
1884-07-01,-0.8,ColdRelate
1884-08-01,2.16,WarmRelate
1884-09-01,1.6,WarmRelate
1884-10-01,0.27,WarmRelate
1884-11-01,-1.16,ColdRelate
1884-12-01,1.94,WarmRelate
1885-01-01,-0.8,ColdRelate
1885-02-01,0.09,WarmRelate
1885-03-01,-1.06,ColdRelate
1885-04-01,0.36,WarmRelate
1885-05-01,0.32,WarmRelate
1885-06-01,1.59,WarmRelate
1885-07-01,3.07,WarmRelate
1885-08-01,-1.03,ColdRelate
1885-09-01,1.4,WarmRelate
1885-10-01,-0.84,ColdRelate
1885-11-01,-0.76,ColdRelate
1885-12-01,-0.03,ColdRelate
1886-01-01,-1.41,ColdRelate
1886-02-01,-0.39,ColdRelate
1886-03-01,0.56,WarmRelate
1886-04-01,-1.37,ColdRelate
1886-05-01,-0.67,ColdRelate
1886-06-01,-1.17,ColdRelate
1886-07-01,-1.59,ColdRelate
1886-08-01,2.43,WarmRelate
1886-09-01,-0.34,ColdRelate
1886-10-01,-0.55,ColdRelate
1886-11-01,0.55,WarmRelate
1886-12-01,0.12,WarmRelate
1887-01-01,1.9,WarmRelate
1887-02-01,2.03,WarmRelate
1887-03-01,-0.85,ColdRelate
1887-04-01,-2.11,ColdRelate
1887-05-01,0.44,WarmRelate
1887-06-01,0.06,WarmRelate
1887-07-01,0.58,WarmRelate
1887-08-01,-1.19,ColdRelate
1887-09-01,-2.56,ColdRelate
1887-10-01,-1.14,ColdRelate
1887-11-01,-3.25,ColdRelate
1887-12-01,-1.62,ColdRelate
1888-01-01,0.21,WarmRelate
1888-02-01,-2.25,ColdRelate
1888-03-01,-1.5,ColdRelate
1888-04-01,-2.25,ColdRelate
1888-05-01,0.97,WarmRelate
1888-06-01,-1.7,ColdRelate
1888-07-01,0.0,WarmRelate
1888-08-01,4.0,WarmRelate
1888-09-01,-0.42,ColdRelate
1888-10-01,-0.89,ColdRelate
1888-11-01,2.7,WarmRelate
1888-12-01,1.25,WarmRelate
1889-01-01,0.65,WarmRelate
1889-02-01,-0.2,ColdRelate
1889-03-01,0.11,WarmRelate
1889-04-01,1.05,WarmRelate
1889-05-01,-0.39,ColdRelate
1889-06-01,1.89,WarmRelate
1889-07-01,-1.03,ColdRelate
1889-08-01,3.78,WarmRelate
1889-09-01,-1.98,ColdRelate
1889-10-01,-1.23,ColdRelate
1889-11-01,2.7,WarmRelate
1889-12-01,2.3,WarmRelate
1890-01-01,4.32,WarmRelate
1890-02-01,-1.37,ColdRelate
1890-03-01,0.5,WarmRelate
1890-04-01,-0.08,ColdRelate
1890-05-01,-1.14,ColdRelate
1890-06-01,1.23,WarmRelate
1890-07-01,0.3,WarmRelate
1890-08-01,0.99,WarmRelate
1890-09-01,2.5,WarmRelate
1890-10-01,0.85,WarmRelate
1890-11-01,1.9,WarmRelate
1890-12-01,-2.75,ColdRelate
1891-01-01,0.27,WarmRelate
1891-02-01,2.81,WarmRelate
1891-03-01,-1.17,ColdRelate
1891-04-01,-0.92,ColdRelate
1891-05-01,-1.78,ColdRelate
1891-06-01,-3.74,ColdRelate
1891-07-01,-0.54,ColdRelate
1891-08-01,2.22,WarmRelate
1891-09-01,2.29,WarmRelate
1891-10-01,-0.46,ColdRelate
1891-11-01,-1.53,ColdRelate
1891-12-01,2.86,WarmRelate
1892-01-01,-0.77,ColdRelate
1892-02-01,-2.21,ColdRelate
1892-03-01,-1.53,ColdRelate
1892-04-01,-1.14,ColdRelate
1892-05-01,-0.57,ColdRelate
1892-06-01,-0.47,ColdRelate
1892-07-01,0.18,WarmRelate
1892-08-01,1.16,WarmRelate
1892-09-01,1.61,WarmRelate
1892-10-01,-3.68,ColdRelate
1892-11-01,0.81,WarmRelate
1892-12-01,-1.05,ColdRelate
1893-01-01,-1.61,ColdRelate
1893-02-01,2.54,WarmRelate
1893-03-01,-0.04,ColdRelate
1893-04-01,0.04,WarmRelate
1893-05-01,0.37,WarmRelate
1893-06-01,-0.56,ColdRelate
1893-07-01,-1.5,ColdRelate
1893-08-01,0.48,WarmRelate
1893-09-01,-0.97,ColdRelate
1893-10-01,0.32,WarmRelate
1893-11-01,-2.16,ColdRelate
1893-12-01,1.86,WarmRelate
1894-01-01,1.4,WarmRelate
1894-02-01,3.95,WarmRelate
1894-03-01,1.12,WarmRelate
1894-04-01,1.98,WarmRelate
1894-05-01,-1.38,ColdRelate
1894-06-01,2.78,WarmRelate
1894-07-01,1.18,WarmRelate
1894-08-01,0.91,WarmRelate
1894-09-01,-2.19,ColdRelate
1894-10-01,-2.24,ColdRelate
1894-11-01,1.96,WarmRelate
1894-12-01,0.94,WarmRelate
1895-01-01,-2.61,ColdRelate
1895-02-01,-4.14,ColdRelate
1895-03-01,-0.27,ColdRelate
1895-04-01,0.37,WarmRelate
1895-05-01,0.51,WarmRelate
1895-06-01,-0.2,ColdRelate
1895-07-01,1.21,WarmRelate
1895-08-01,1.72,WarmRelate
1895-09-01,1.15,WarmRelate
1895-10-01,-2.53,ColdRelate
1895-11-01,1.92,WarmRelate
1895-12-01,0.02,WarmRelate
1896-01-01,-0.23,ColdRelate
1896-02-01,2.33,WarmRelate
1896-03-01,1.39,WarmRelate
1896-04-01,2.54,WarmRelate
1896-05-01,-0.89,ColdRelate
1896-06-01,-0.27,ColdRelate
1896-07-01,1.23,WarmRelate
1896-08-01,-1.02,ColdRelate
1896-09-01,0.6,WarmRelate
1896-10-01,-2.77,ColdRelate
1896-11-01,-0.55,ColdRelate
1896-12-01,1.86,WarmRelate
1897-01-01,-2.36,ColdRelate
1897-02-01,3.32,WarmRelate
1897-03-01,2.31,WarmRelate
1897-04-01,4.28,WarmRelate
1897-05-01,-0.52,ColdRelate
1897-06-01,-1.42,ColdRelate
1897-07-01,-0.05,ColdRelate
1897-08-01,2.49,WarmRelate
1897-09-01,1.4,WarmRelate
1897-10-01,-0.6,ColdRelate
1897-11-01,0.02,WarmRelate
1897-12-01,1.35,WarmRelate
1898-01-01,1.97,WarmRelate
1898-02-01,1.9,WarmRelate
1898-03-01,-2.33,ColdRelate
1898-04-01,3.46,WarmRelate
1898-05-01,-0.53,ColdRelate
1898-06-01,-0.84,ColdRelate
1898-07-01,-1.53,ColdRelate
1898-08-01,3.56,WarmRelate
1898-09-01,-0.17,ColdRelate
1898-10-01,-1.15,ColdRelate
1898-11-01,-1.14,ColdRelate
1898-12-01,3.14,WarmRelate
1899-01-01,0.68,WarmRelate
1899-02-01,-0.17,ColdRelate
1899-03-01,-1.5,ColdRelate
1899-04-01,0.58,WarmRelate
1899-05-01,-1.03,ColdRelate
1899-06-01,-0.25,ColdRelate
1899-07-01,2.46,WarmRelate
1899-08-01,-1.13,ColdRelate
1899-09-01,-0.08,ColdRelate
1899-10-01,-0.12,ColdRelate
1899-11-01,1.94,WarmRelate
1899-12-01,-0.87,ColdRelate
1900-01-01,1.38,WarmRelate
1900-02-01,-2.36,ColdRelate
1900-03-01,-3.12,ColdRelate
1900-04-01,2.61,WarmRelate
1900-05-01,-0.57,ColdRelate
1900-06-01,-1.23,ColdRelate
1900-07-01,-0.21,ColdRelate
1900-08-01,-0.06,ColdRelate
1900-09-01,0.98,WarmRelate
1900-10-01,-0.57,ColdRelate
1900-11-01,0.65,WarmRelate
1900-12-01,3.5,WarmRelate
1901-01-01,0.98,WarmRelate
1901-02-01,-2.58,ColdRelate
1901-03-01,-0.91,ColdRelate
1901-04-01,2.53,WarmRelate
1901-05-01,-0.71,ColdRelate
1901-06-01,0.21,WarmRelate
1901-07-01,-1.83,ColdRelate
1901-08-01,1.14,WarmRelate
1901-09-01,-0.09,ColdRelate
1901-10-01,-0.47,ColdRelate
1901-11-01,-1.73,ColdRelate
1901-12-01,-1.38,ColdRelate
1902-01-01,1.41,WarmRelate
1902-02-01,-1.4,ColdRelate
1902-03-01,0.5,WarmRelate
1902-04-01,-1.14,ColdRelate
1902-05-01,0.54,WarmRelate
1902-06-01,-3.25,ColdRelate
1902-07-01,-1.24,ColdRelate
1902-08-01,-0.18,ColdRelate
1902-09-01,-1.51,ColdRelate
1902-10-01,-0.12,ColdRelate
1902-11-01,-0.09,ColdRelate
1902-12-01,1.27,WarmRelate
1903-01-01,1.28,WarmRelate
1903-02-01,4.86,WarmRelate
1903-03-01,4.05,WarmRelate
1903-04-01,-0.79,ColdRelate
1903-05-01,0.14,WarmRelate
1903-06-01,-2.8,ColdRelate
1903-07-01,0.43,WarmRelate
1903-08-01,3.67,WarmRelate
1903-09-01,0.22,WarmRelate
1903-10-01,-0.55,ColdRelate
1903-11-01,1.04,WarmRelate
1903-12-01,-1.09,ColdRelate
1904-01-01,2.24,WarmRelate
1904-02-01,1.21,WarmRelate
1904-03-01,-0.7,ColdRelate
1904-04-01,2.64,WarmRelate
1904-05-01,1.75,WarmRelate
1904-06-01,-0.87,ColdRelate
1904-07-01,-0.04,ColdRelate
1904-08-01,0.61,WarmRelate
1904-09-01,-0.43,ColdRelate
1904-10-01,0.04,WarmRelate
1904-11-01,0.07,WarmRelate
1904-12-01,0.88,WarmRelate
1905-01-01,1.81,WarmRelate
1905-02-01,2.09,WarmRelate
1905-03-01,2.23,WarmRelate
1905-04-01,-1.17,ColdRelate
1905-05-01,-0.72,ColdRelate
1905-06-01,-2.29,ColdRelate
1905-07-01,-0.05,ColdRelate
1905-08-01,0.97,WarmRelate
1905-09-01,-0.19,ColdRelate
1905-10-01,-3.1,ColdRelate
1905-11-01,-0.25,ColdRelate
1905-12-01,1.85,WarmRelate
1906-01-01,2.64,WarmRelate
1906-02-01,1.26,WarmRelate
1906-03-01,-0.25,ColdRelate
1906-04-01,1.67,WarmRelate
1906-05-01,-1.75,ColdRelate
1906-06-01,-1.68,ColdRelate
1906-07-01,1.29,WarmRelate
1906-08-01,0.38,WarmRelate
1906-09-01,-1.33,ColdRelate
1906-10-01,0.4,WarmRelate
1906-11-01,0.7,WarmRelate
1906-12-01,0.03,WarmRelate
1907-01-01,1.58,WarmRelate
1907-02-01,1.22,WarmRelate
1907-03-01,2.41,WarmRelate
1907-04-01,1.08,WarmRelate
1907-05-01,-1.42,ColdRelate
1907-06-01,0.76,WarmRelate
1907-07-01,-0.55,ColdRelate
1907-08-01,2.22,WarmRelate
1907-09-01,0.24,WarmRelate
1907-10-01,-1.59,ColdRelate
1907-11-01,-0.41,ColdRelate
1907-12-01,1.18,WarmRelate
1908-01-01,0.64,WarmRelate
1908-02-01,1.98,WarmRelate
1908-03-01,0.74,WarmRelate
1908-04-01,-1.75,ColdRelate
1908-05-01,1.92,WarmRelate
1908-06-01,0.83,WarmRelate
1908-07-01,0.09,WarmRelate
1908-08-01,0.6,WarmRelate
1908-09-01,0.98,WarmRelate
1908-10-01,0.24,WarmRelate
1908-11-01,-0.21,ColdRelate
1908-12-01,1.47,WarmRelate
1909-01-01,1.82,WarmRelate
1909-02-01,-0.54,ColdRelate
1909-03-01,-2.09,ColdRelate
1909-04-01,0.06,WarmRelate
1909-05-01,-0.92,ColdRelate
1909-06-01,-1.35,ColdRelate
1909-07-01,2.59,WarmRelate
1909-08-01,2.35,WarmRelate
1909-09-01,-1.29,ColdRelate
1909-10-01,0.59,WarmRelate
1909-11-01,-1.97,ColdRelate
1909-12-01,-0.48,ColdRelate
1910-01-01,2.57,WarmRelate
1910-02-01,3.85,WarmRelate
1910-03-01,0.55,WarmRelate
1910-04-01,0.08,WarmRelate
1910-05-01,-1.5,ColdRelate
1910-06-01,-1.07,ColdRelate
1910-07-01,-1.64,ColdRelate
1910-08-01,0.31,WarmRelate
1910-09-01,-1.15,ColdRelate
1910-10-01,-1.56,ColdRelate
1910-11-01,-0.87,ColdRelate
1910-12-01,-0.1,ColdRelate
1911-01-01,0.82,WarmRelate
1911-02-01,2.05,WarmRelate
1911-03-01,-1.4,ColdRelate
1911-04-01,-0.24,ColdRelate
1911-05-01,0.79,WarmRelate
1911-06-01,0.42,WarmRelate
1911-07-01,0.54,WarmRelate
1911-08-01,0.13,WarmRelate
1911-09-01,1.53,WarmRelate
1911-10-01,-1.88,ColdRelate
1911-11-01,-0.05,ColdRelate
1911-12-01,3.02,WarmRelate
1912-01-01,-0.91,ColdRelate
1912-02-01,-0.17,ColdRelate
1912-03-01,2.22,WarmRelate
1912-04-01,-0.1,ColdRelate
1912-05-01,1.7,WarmRelate
1912-06-01,-0.98,ColdRelate
1912-07-01,-1.42,ColdRelate
1912-08-01,0.07,WarmRelate
1912-09-01,-2.51,ColdRelate
1912-10-01,0.42,WarmRelate
1912-11-01,1.21,WarmRelate
1912-12-01,3.0,WarmRelate
1913-01-01,1.83,WarmRelate
1913-02-01,1.19,WarmRelate
1913-03-01,2.73,WarmRelate
1913-04-01,1.99,WarmRelate
1913-05-01,0.38,WarmRelate
1913-06-01,1.03,WarmRelate
1913-07-01,-0.99,ColdRelate
1913-08-01,0.65,WarmRelate
1913-09-01,-2.7,ColdRelate
1913-10-01,-1.48,ColdRelate
1913-11-01,4.62,WarmRelate
1913-12-01,1.23,WarmRelate
1914-01-01,0.58,WarmRelate
1914-02-01,2.45,WarmRelate
1914-03-01,1.72,WarmRelate
1914-04-01,2.08,WarmRelate
1914-05-01,2.19,WarmRelate
1914-06-01,0.57,WarmRelate
1914-07-01,-1.11,ColdRelate
1914-08-01,0.97,WarmRelate
1914-09-01,0.43,WarmRelate
1914-10-01,-1.1,ColdRelate
1914-11-01,-1.41,ColdRelate
1914-12-01,2.23,WarmRelate
1915-01-01,0.08,WarmRelate
1915-02-01,1.82,WarmRelate
1915-03-01,-1.91,ColdRelate
1915-04-01,2.91,WarmRelate
1915-05-01,-2.47,ColdRelate
1915-06-01,-2.3,ColdRelate
1915-07-01,-1.19,ColdRelate
1915-08-01,-1.29,ColdRelate
1915-09-01,-1.94,ColdRelate
1915-10-01,-0.99,ColdRelate
1915-11-01,-2.51,ColdRelate
1915-12-01,-0.65,ColdRelate
1916-01-01,3.82,WarmRelate
1916-02-01,2.03,WarmRelate
1916-03-01,-3.84,ColdRelate
1916-04-01,0.77,WarmRelate
1916-05-01,-0.72,ColdRelate
1916-06-01,-3.03,ColdRelate
1916-07-01,-0.69,ColdRelate
1916-08-01,-0.57,ColdRelate
1916-09-01,-2.59,ColdRelate
1916-10-01,2.2,WarmRelate
1916-11-01,-0.58,ColdRelate
1916-12-01,-1.8,ColdRelate
1917-01-01,-3.08,ColdRelate
1917-02-01,-1.59,ColdRelate
1917-03-01,-0.21,ColdRelate
1917-04-01,-0.92,ColdRelate
1917-05-01,-1.59,ColdRelate
1917-06-01,0.81,WarmRelate
1917-07-01,-0.21,ColdRelate
1917-08-01,-0.39,ColdRelate
1917-09-01,2.47,WarmRelate
1917-10-01,0.94,WarmRelate
1917-11-01,1.98,WarmRelate
1917-12-01,-2.8,ColdRelate
1918-01-01,-0.48,ColdRelate
1918-02-01,3.87,WarmRelate
1918-03-01,0.37,WarmRelate
1918-04-01,-1.91,ColdRelate
1918-05-01,0.23,WarmRelate
1918-06-01,1.31,WarmRelate
1918-07-01,-1.97,ColdRelate
1918-08-01,1.76,WarmRelate
1918-09-01,-0.17,ColdRelate
1918-10-01,0.56,WarmRelate
1918-11-01,0.26,WarmRelate
1918-12-01,2.32,WarmRelate
1919-01-01,-0.01,ColdRelate
1919-02-01,-0.49,ColdRelate
1919-03-01,-0.25,ColdRelate
1919-04-01,1.72,WarmRelate
1919-05-01,1.35,WarmRelate
1919-06-01,1.86,WarmRelate
1919-07-01,-1.33,ColdRelate
1919-08-01,4.03,WarmRelate
1919-09-01,-1.27,ColdRelate
1919-10-01,-2.24,ColdRelate
1919-11-01,-2.07,ColdRelate
1919-12-01,2.86,WarmRelate
1920-01-01,2.84,WarmRelate
1920-02-01,1.39,WarmRelate
1920-03-01,3.08,WarmRelate
1920-04-01,0.09,WarmRelate
1920-05-01,0.76,WarmRelate
1920-06-01,-1.62,ColdRelate
1920-07-01,1.87,WarmRelate
1920-08-01,-1.22,ColdRelate
1920-09-01,0.41,WarmRelate
1920-10-01,-1.15,ColdRelate
1920-11-01,1.48,WarmRelate
1920-12-01,-0.46,ColdRelate
1921-01-01,3.2,WarmRelate
1921-02-01,0.07,WarmRelate
1921-03-01,2.68,WarmRelate
1921-04-01,-0.09,ColdRelate
1921-05-01,-0.64,ColdRelate
1921-06-01,-1.6,ColdRelate
1921-07-01,-0.41,ColdRelate
1921-08-01,-0.65,ColdRelate
1921-09-01,-1.43,ColdRelate
1921-10-01,-0.22,ColdRelate
1921-11-01,-1.22,ColdRelate
1921-12-01,2.18,WarmRelate
1922-01-01,0.64,WarmRelate
1922-02-01,2.97,WarmRelate
1922-03-01,-0.23,ColdRelate
1922-04-01,0.8,WarmRelate
1922-05-01,2.36,WarmRelate
1922-06-01,0.79,WarmRelate
1922-07-01,1.79,WarmRelate
1922-08-01,0.09,WarmRelate
1922-09-01,-0.43,ColdRelate
1922-10-01,-3.95,ColdRelate
1922-11-01,-0.05,ColdRelate
1922-12-01,1.47,WarmRelate
1923-01-01,1.84,WarmRelate
1923-02-01,2.77,WarmRelate
1923-03-01,-0.1,ColdRelate
1923-04-01,-1.19,ColdRelate
1923-05-01,0.35,WarmRelate
1923-06-01,0.53,WarmRelate
1923-07-01,1.59,WarmRelate
1923-08-01,0.73,WarmRelate
1923-09-01,2.64,WarmRelate
1923-10-01,1.34,WarmRelate
1923-11-01,-1.97,ColdRelate
1923-12-01,1.25,WarmRelate
1924-01-01,0.86,WarmRelate
1924-02-01,-1.62,ColdRelate
1924-03-01,-1.88,ColdRelate
1924-04-01,-0.94,ColdRelate
1924-05-01,-0.55,ColdRelate
1924-06-01,-2.09,ColdRelate
1924-07-01,0.65,WarmRelate
1924-08-01,0.55,WarmRelate
1924-09-01,0.71,WarmRelate
1924-10-01,0.5,WarmRelate
1924-11-01,-0.21,ColdRelate
1924-12-01,3.86,WarmRelate
1925-01-01,4.23,WarmRelate
1925-02-01,1.95,WarmRelate
1925-03-01,-2.0,ColdRelate
1925-04-01,2.59,WarmRelate
1925-05-01,1.12,WarmRelate
1925-06-01,-2.2,ColdRelate
1925-07-01,1.37,WarmRelate
1925-08-01,1.43,WarmRelate
1925-09-01,-0.66,ColdRelate
1925-10-01,-0.98,ColdRelate
1925-11-01,-2.6,ColdRelate
1925-12-01,-0.72,ColdRelate
1926-01-01,1.7,WarmRelate
1926-02-01,1.84,WarmRelate
1926-03-01,0.56,WarmRelate
1926-04-01,2.33,WarmRelate
1926-05-01,-1.19,ColdRelate
1926-06-01,-1.79,ColdRelate
1926-07-01,-0.69,ColdRelate
1926-08-01,2.06,WarmRelate
1926-09-01,0.92,WarmRelate
1926-10-01,-4.16,ColdRelate
1926-11-01,0.12,WarmRelate
1926-12-01,-0.51,ColdRelate
1927-01-01,2.15,WarmRelate
1927-02-01,1.09,WarmRelate
1927-03-01,2.58,WarmRelate
1927-04-01,1.39,WarmRelate
1927-05-01,-2.03,ColdRelate
1927-06-01,-1.6,ColdRelate
1927-07-01,-0.16,ColdRelate
1927-08-01,1.6,WarmRelate
1927-09-01,-1.77,ColdRelate
1927-10-01,-2.04,ColdRelate
1927-11-01,-1.25,ColdRelate
1927-12-01,-3.14,ColdRelate
1928-01-01,3.04,WarmRelate
1928-02-01,3.52,WarmRelate
1928-03-01,-0.94,ColdRelate
1928-04-01,1.09,WarmRelate
1928-05-01,-2.9,ColdRelate
1928-06-01,-1.89,ColdRelate
1928-07-01,2.21,WarmRelate
1928-08-01,-1.8,ColdRelate
1928-09-01,-1.93,ColdRelate
1928-10-01,0.15,WarmRelate
1928-11-01,1.68,WarmRelate
1928-12-01,0.44,WarmRelate
1929-01-01,-1.26,ColdRelate
1929-02-01,0.27,WarmRelate
1929-03-01,-0.48,ColdRelate
1929-04-01,-3.8,ColdRelate
1929-05-01,0.67,WarmRelate
1929-06-01,-0.06,ColdRelate
1929-07-01,0.26,WarmRelate
1929-08-01,-0.07,ColdRelate
1929-09-01,0.25,WarmRelate
1929-10-01,0.29,WarmRelate
1929-11-01,2.15,WarmRelate
1929-12-01,3.8,WarmRelate
1930-01-01,1.51,WarmRelate
1930-02-01,-0.6,ColdRelate
1930-03-01,-0.7,ColdRelate
1930-04-01,-2.13,ColdRelate
1930-05-01,1.84,WarmRelate
1930-06-01,-0.37,ColdRelate
1930-07-01,-1.3,ColdRelate
1930-08-01,1.81,WarmRelate
1930-09-01,-2.07,ColdRelate
1930-10-01,0.89,WarmRelate
1930-11-01,1.44,WarmRelate
1930-12-01,1.21,WarmRelate
1931-01-01,-0.09,ColdRelate
1931-02-01,1.29,WarmRelate
1931-03-01,-2.18,ColdRelate
1931-04-01,-0.08,ColdRelate
1931-05-01,-0.62,ColdRelate
1931-06-01,-0.96,ColdRelate
1931-07-01,-0.13,ColdRelate
1931-08-01,-1.8,ColdRelate
1931-09-01,-2.73,ColdRelate
1931-10-01,-0.11,ColdRelate
1931-11-01,2.78,WarmRelate
1931-12-01,0.77,WarmRelate
1932-01-01,3.47,WarmRelate
1932-02-01,-3.31,ColdRelate
1932-03-01,-1.57,ColdRelate
1932-04-01,0.13,WarmRelate
1932-05-01,-0.68,ColdRelate
1932-06-01,-1.46,ColdRelate
1932-07-01,-0.8,ColdRelate
1932-08-01,2.18,WarmRelate
1932-09-01,-0.94,ColdRelate
1932-10-01,0.05,WarmRelate
1932-11-01,0.98,WarmRelate
1932-12-01,1.22,WarmRelate
1933-01-01,1.41,WarmRelate
1933-02-01,-1.81,ColdRelate
1933-03-01,1.26,WarmRelate
1933-04-01,-0.23,ColdRelate
1933-05-01,-0.55,ColdRelate
1933-06-01,-1.62,ColdRelate
1933-07-01,2.62,WarmRelate
1933-08-01,2.65,WarmRelate
1933-09-01,-2.03,ColdRelate
1933-10-01,-1.99,ColdRelate
1933-11-01,-2.97,ColdRelate
1933-12-01,-1.84,ColdRelate
1934-01-01,3.27,WarmRelate
1934-02-01,0.49,WarmRelate
1934-03-01,0.3,WarmRelate
1934-04-01,-1.67,ColdRelate
1934-05-01,1.41,WarmRelate
1934-06-01,-2.49,ColdRelate
1934-07-01,-1.17,ColdRelate
1934-08-01,1.51,WarmRelate
1934-09-01,2.5,WarmRelate
1934-10-01,0.76,WarmRelate
1934-11-01,-1.22,ColdRelate
1934-12-01,1.32,WarmRelate
1935-01-01,-0.5,ColdRelate
1935-02-01,2.7,WarmRelate
1935-03-01,0.39,WarmRelate
1935-04-01,-0.41,ColdRelate
1935-05-01,-3.21,ColdRelate
1935-06-01,1.34,WarmRelate
1935-07-01,2.03,WarmRelate
1935-08-01,-0.55,ColdRelate
1935-09-01,0.55,WarmRelate
1935-10-01,0.88,WarmRelate
1935-11-01,1.13,WarmRelate
1935-12-01,-1.37,ColdRelate
1936-01-01,-1.22,ColdRelate
1936-02-01,-2.44,ColdRelate
1936-03-01,-1.09,ColdRelate
1936-04-01,-1.54,ColdRelate
1936-05-01,-2.34,ColdRelate
1936-06-01,0.76,WarmRelate
1936-07-01,1.34,WarmRelate
1936-08-01,2.67,WarmRelate
1936-09-01,-0.81,ColdRelate
1936-10-01,0.87,WarmRelate
1936-11-01,-0.17,ColdRelate
1936-12-01,2.37,WarmRelate
1937-01-01,2.15,WarmRelate
1937-02-01,1.73,WarmRelate
1937-03-01,-2.02,ColdRelate
1937-04-01,2.19,WarmRelate
1937-05-01,2.31,WarmRelate
1937-06-01,0.49,WarmRelate
1937-07-01,0.19,WarmRelate
1937-08-01,0.28,WarmRelate
1937-09-01,-0.17,ColdRelate
1937-10-01,-2.41,ColdRelate
1937-11-01,-1.56,ColdRelate
1937-12-01,-1.09,ColdRelate
1938-01-01,2.64,WarmRelate
1938-02-01,0.6,WarmRelate
1938-03-01,3.13,WarmRelate
1938-04-01,-1.68,ColdRelate
1938-05-01,-0.35,ColdRelate
1938-06-01,0.97,WarmRelate
1938-07-01,1.6,WarmRelate
1938-08-01,-0.37,ColdRelate
1938-09-01,-0.29,ColdRelate
1938-10-01,1.88,WarmRelate
1938-11-01,3.24,WarmRelate
1938-12-01,-0.39,ColdRelate
1939-01-01,-0.69,ColdRelate
1939-02-01,2.91,WarmRelate
1939-03-01,-0.03,ColdRelate
1939-04-01,0.18,WarmRelate
1939-05-01,-0.9,ColdRelate
1939-06-01,-1.4,ColdRelate
1939-07-01,-0.44,ColdRelate
1939-08-01,0.8,WarmRelate
1939-09-01,-3.9,ColdRelate
1939-10-01,-2.51,ColdRelate
1939-11-01,1.53,WarmRelate
1939-12-01,-1.07,ColdRelate
1940-01-01,-2.27,ColdRelate
1940-02-01,-0.93,ColdRelate
1940-03-01,-0.72,ColdRelate
1940-04-01,0.53,WarmRelate
1940-05-01,-0.25,ColdRelate
1940-06-01,-1.2,ColdRelate
1940-07-01,-1.21,ColdRelate
1940-08-01,0.3,WarmRelate
1940-09-01,-1.1,ColdRelate
1940-10-01,-1.89,ColdRelate
1940-11-01,1.3,WarmRelate
1940-12-01,1.46,WarmRelate
1941-01-01,-3.5,ColdRelate
1941-02-01,-0.42,ColdRelate
1941-03-01,-1.29,ColdRelate
1941-04-01,-2.95,ColdRelate
1941-05-01,-0.54,ColdRelate
1941-06-01,0.24,WarmRelate
1941-07-01,1.08,WarmRelate
1941-08-01,-0.6,ColdRelate
1941-09-01,-0.97,ColdRelate
1941-10-01,-1.21,ColdRelate
1941-11-01,-0.09,ColdRelate
1941-12-01,1.44,WarmRelate
1942-01-01,0.75,WarmRelate
1942-02-01,-3.1,ColdRelate
1942-03-01,-0.92,ColdRelate
1942-04-01,-0.95,ColdRelate
1942-05-01,0.82,WarmRelate
1942-06-01,-2.1,ColdRelate
1942-07-01,0.15,WarmRelate
1942-08-01,0.08,WarmRelate
1942-09-01,-0.25,ColdRelate
1942-10-01,-0.21,ColdRelate
1942-11-01,-2.11,ColdRelate
1942-12-01,1.47,WarmRelate
1943-01-01,1.17,WarmRelate
1943-02-01,2.78,WarmRelate
1943-03-01,0.03,WarmRelate
1943-04-01,4.26,WarmRelate
1943-05-01,2.17,WarmRelate
1943-06-01,1.91,WarmRelate
1943-07-01,0.05,WarmRelate
1943-08-01,-0.18,ColdRelate
1943-09-01,-0.65,ColdRelate
1943-10-01,0.45,WarmRelate
1943-11-01,0.08,WarmRelate
1943-12-01,-0.39,ColdRelate
1944-01-01,3.63,WarmRelate
1944-02-01,-1.59,ColdRelate
1944-03-01,-0.82,ColdRelate
1944-04-01,1.3,WarmRelate
1944-05-01,0.42,WarmRelate
1944-06-01,-2.78,ColdRelate
1944-07-01,-2.16,ColdRelate
1944-08-01,0.15,WarmRelate
1944-09-01,0.36,WarmRelate
1944-10-01,-0.83,ColdRelate
1944-11-01,0.81,WarmRelate
1944-12-01,0.26,WarmRelate
1945-01-01,-2.12,ColdRelate
1945-02-01,4.67,WarmRelate
1945-03-01,2.51,WarmRelate
1945-04-01,1.15,WarmRelate
1945-05-01,-0.84,ColdRelate
1945-06-01,0.37,WarmRelate
1945-07-01,-0.4,ColdRelate
1945-08-01,-1.83,ColdRelate
1945-09-01,1.4,WarmRelate
1945-10-01,-0.22,ColdRelate
1945-11-01,-1.82,ColdRelate
1945-12-01,-0.25,ColdRelate
1946-01-01,1.41,WarmRelate
1946-02-01,0.99,WarmRelate
1946-03-01,-0.39,ColdRelate
1946-04-01,0.65,WarmRelate
1946-05-01,-2.7,ColdRelate
1946-06-01,2.56,WarmRelate
1946-07-01,2.66,WarmRelate
1946-08-01,0.62,WarmRelate
1946-09-01,1.98,WarmRelate
1946-10-01,-2.04,ColdRelate
1946-11-01,-1.26,ColdRelate
1946-12-01,1.22,WarmRelate
1947-01-01,0.39,WarmRelate
1947-02-01,-4.6,ColdRelate
1947-03-01,-1.28,ColdRelate
1947-04-01,6.66,WarmRelate
1947-05-01,-1.2,ColdRelate
1947-06-01,0.2,WarmRelate
1947-07-01,0.19,WarmRelate
1947-08-01,-1.08,ColdRelate
1947-09-01,1.18,WarmRelate
1947-10-01,-0.51,ColdRelate
1947-11-01,-0.25,ColdRelate
1947-12-01,-0.72,ColdRelate
1948-01-01,1.53,WarmRelate
1948-02-01,0.66,WarmRelate
1948-03-01,3.48,WarmRelate
1948-04-01,-0.48,ColdRelate
1948-05-01,-1.23,ColdRelate
1948-06-01,-0.27,ColdRelate
1948-07-01,0.59,WarmRelate
1948-08-01,0.34,WarmRelate
1948-09-01,0.82,WarmRelate
1948-10-01,0.43,WarmRelate
1948-11-01,2.64,WarmRelate
1948-12-01,1.09,WarmRelate
1949-01-01,1.5,WarmRelate
1949-02-01,4.01,WarmRelate
1949-03-01,-0.96,ColdRelate
1949-04-01,3.41,WarmRelate
1949-05-01,-1.39,ColdRelate
1949-06-01,-1.51,ColdRelate
1949-07-01,-0.93,ColdRelate
1949-08-01,1.38,WarmRelate
1949-09-01,-1.81,ColdRelate
1949-10-01,1.38,WarmRelate
1949-11-01,0.54,WarmRelate
1949-12-01,0.11,WarmRelate
1950-01-01,0.55,WarmRelate
1950-02-01,3.31,WarmRelate
1950-03-01,0.82,WarmRelate
1950-04-01,1.61,WarmRelate
1950-05-01,-1.73,ColdRelate
1950-06-01,1.26,WarmRelate
1950-07-01,-0.87,ColdRelate
1950-08-01,-0.28,ColdRelate
1950-09-01,1.51,WarmRelate
1950-10-01,0.78,WarmRelate
1950-11-01,0.78,WarmRelate
1950-12-01,-1.88,ColdRelate
1951-01-01,0.82,WarmRelate
1951-02-01,0.93,WarmRelate
1951-03-01,-2.01,ColdRelate
1951-04-01,-0.45,ColdRelate
1951-05-01,-2.11,ColdRelate
1951-06-01,-1.16,ColdRelate
1951-07-01,1.1,WarmRelate
1951-08-01,0.85,WarmRelate
1951-09-01,-0.22,ColdRelate
1951-10-01,-0.13,ColdRelate
1951-11-01,-0.97,ColdRelate
1951-12-01,2.54,WarmRelate
1952-01-01,0.92,WarmRelate
1952-02-01,0.15,WarmRelate
1952-03-01,-1.14,ColdRelate
1952-04-01,2.79,WarmRelate
1952-05-01,-0.94,ColdRelate
1952-06-01,0.02,WarmRelate
1952-07-01,-0.79,ColdRelate
1952-08-01,-1.05,ColdRelate
1952-09-01,-3.02,ColdRelate
1952-10-01,0.42,WarmRelate
1952-11-01,-1.51,ColdRelate
1952-12-01,-0.31,ColdRelate
1953-01-01,-0.02,ColdRelate
1953-02-01,0.54,WarmRelate
1953-03-01,1.25,WarmRelate
1953-04-01,-1.6,ColdRelate
1953-05-01,-0.75,ColdRelate
1953-06-01,-2.96,ColdRelate
1953-07-01,0.13,WarmRelate
1953-08-01,3.26,WarmRelate
1953-09-01,0.75,WarmRelate
1953-10-01,0.77,WarmRelate
1953-11-01,3.25,WarmRelate
1953-12-01,0.15,WarmRelate
1954-01-01,0.1,WarmRelate
1954-02-01,0.57,WarmRelate
1954-03-01,-0.29,ColdRelate
1954-04-01,-0.26,ColdRelate
1954-05-01,-0.91,ColdRelate
1954-06-01,-0.94,ColdRelate
1954-07-01,0.88,WarmRelate
1954-08-01,-0.59,ColdRelate
1954-09-01,2.49,WarmRelate
1954-10-01,2.09,WarmRelate
1954-11-01,1.54,WarmRelate
1954-12-01,1.44,WarmRelate
1955-01-01,-1.17,ColdRelate
1955-02-01,-2.21,ColdRelate
1955-03-01,-2.9,ColdRelate
1955-04-01,2.4,WarmRelate
1955-05-01,0.33,WarmRelate
1955-06-01,-0.18,ColdRelate
1955-07-01,-1.32,ColdRelate
1955-08-01,0.54,WarmRelate
1955-09-01,0.82,WarmRelate
1955-10-01,-2.35,ColdRelate
1955-11-01,-2.14,ColdRelate
1955-12-01,0.51,WarmRelate
1956-01-01,-0.76,ColdRelate
1956-02-01,-2.96,ColdRelate
1956-03-01,0.01,WarmRelate
1956-04-01,-1.9,ColdRelate
1956-05-01,4.54,WarmRelate
1956-06-01,1.26,WarmRelate
1956-07-01,0.35,WarmRelate
1956-08-01,-3.15,ColdRelate
1956-09-01,-0.51,ColdRelate
1956-10-01,1.23,WarmRelate
1956-11-01,1.39,WarmRelate
1956-12-01,2.57,WarmRelate
1957-01-01,2.53,WarmRelate
1957-02-01,1.08,WarmRelate
1957-03-01,0.42,WarmRelate
1957-04-01,-0.62,ColdRelate
1957-05-01,-0.84,ColdRelate
1957-06-01,-0.8,ColdRelate
1957-07-01,-0.48,ColdRelate
1957-08-01,0.7,WarmRelate
1957-09-01,-1.56,ColdRelate
1957-10-01,1.07,WarmRelate
1957-11-01,-1.59,ColdRelate
1957-12-01,-0.12,ColdRelate
1958-01-01,0.37,WarmRelate
1958-02-01,-0.03,ColdRelate
1958-03-01,-1.28,ColdRelate
1958-04-01,1.79,WarmRelate
1958-05-01,1.1,WarmRelate
1958-06-01,-1.44,ColdRelate
1958-07-01,-0.2,ColdRelate
1958-08-01,0.98,WarmRelate
1958-09-01,-0.23,ColdRelate
1958-10-01,1.65,WarmRelate
1958-11-01,0.43,WarmRelate
1958-12-01,-1.7,ColdRelate
1959-01-01,-1.15,ColdRelate
1959-02-01,2.46,WarmRelate
1959-03-01,1.82,WarmRelate
1959-04-01,1.51,WarmRelate
1959-05-01,-2.22,ColdRelate
1959-06-01,1.51,WarmRelate
1959-07-01,0.29,WarmRelate
1959-08-01,0.02,WarmRelate
1959-09-01,-1.81,ColdRelate
1959-10-01,1.51,WarmRelate
1959-11-01,-0.04,ColdRelate
1959-12-01,1.98,WarmRelate
1960-01-01,-0.7,ColdRelate
1960-02-01,-1.0,ColdRelate
1960-03-01,-0.87,ColdRelate
1960-04-01,1.93,WarmRelate
1960-05-01,0.07,WarmRelate
1960-06-01,-0.41,ColdRelate
1960-07-01,0.18,WarmRelate
1960-08-01,-1.84,ColdRelate
1960-09-01,0.24,WarmRelate
1960-10-01,-3.08,ColdRelate
1960-11-01,1.4,WarmRelate
1960-12-01,0.46,WarmRelate
1961-01-01,1.46,WarmRelate
1961-02-01,4.06,WarmRelate
1961-03-01,2.08,WarmRelate
1961-04-01,0.71,WarmRelate
1961-05-01,-0.94,ColdRelate
1961-06-01,2.13,WarmRelate
1961-07-01,0.63,WarmRelate
1961-08-01,3.38,WarmRelate
1961-09-01,2.01,WarmRelate
1961-10-01,1.0,WarmRelate
1961-11-01,-2.15,ColdRelate
1961-12-01,-1.72,ColdRelate
1962-01-01,2.44,WarmRelate
1962-02-01,0.77,WarmRelate
1962-03-01,-3.78,ColdRelate
1962-04-01,0.74,WarmRelate
1962-05-01,-0.1,ColdRelate
1962-06-01,1.41,WarmRelate
1962-07-01,-2.1,ColdRelate
1962-08-01,2.28,WarmRelate
1962-09-01,0.02,WarmRelate
1962-10-01,-0.34,ColdRelate
1962-11-01,-2.23,ColdRelate
1962-12-01,-0.66,ColdRelate
1963-01-01,-4.09,ColdRelate
1963-02-01,-1.9,ColdRelate
1963-03-01,2.79,WarmRelate
1963-04-01,-0.46,ColdRelate
1963-05-01,1.91,WarmRelate
1963-06-01,-1.77,ColdRelate
1963-07-01,-0.65,ColdRelate
1963-08-01,-0.96,ColdRelate
1963-09-01,0.94,WarmRelate
1963-10-01,2.79,WarmRelate
1963-11-01,-0.15,ColdRelate
1963-12-01,-3.09,ColdRelate
1964-01-01,0.93,WarmRelate
1964-02-01,-0.13,ColdRelate
1964-03-01,-0.77,ColdRelate
1964-04-01,0.95,WarmRelate
1964-05-01,2.51,WarmRelate
1964-06-01,-1.85,ColdRelate
1964-07-01,2.44,WarmRelate
1964-08-01,-2.46,ColdRelate
1964-09-01,0.5,WarmRelate
1964-10-01,0.63,WarmRelate
1964-11-01,1.33,WarmRelate
1964-12-01,-1.24,ColdRelate
1965-01-01,0.01,WarmRelate
1965-02-01,-3.03,ColdRelate
1965-03-01,0.23,WarmRelate
1965-04-01,2.14,WarmRelate
1965-05-01,-0.08,ColdRelate
1965-06-01,0.87,WarmRelate
1965-07-01,-1.71,ColdRelate
1965-08-01,1.59,WarmRelate
1965-09-01,-1.01,ColdRelate
1965-10-01,-1.26,ColdRelate
1965-11-01,-1.78,ColdRelate
1965-12-01,1.24,WarmRelate
1966-01-01,-1.01,ColdRelate
1966-02-01,-0.38,ColdRelate
1966-03-01,1.05,WarmRelate
1966-04-01,1.18,WarmRelate
1966-05-01,1.51,WarmRelate
1966-06-01,0.82,WarmRelate
1966-07-01,-1.99,ColdRelate
1966-08-01,-2.03,ColdRelate
1966-09-01,-0.47,ColdRelate
1966-10-01,-2.89,ColdRelate
1966-11-01,-0.07,ColdRelate
1966-12-01,1.68,WarmRelate
1967-01-01,0.04,WarmRelate
1967-02-01,1.7,WarmRelate
1967-03-01,3.0,WarmRelate
1967-04-01,-0.76,ColdRelate
1967-05-01,-0.46,ColdRelate
1967-06-01,1.96,WarmRelate
1967-07-01,1.44,WarmRelate
1967-08-01,-0.41,ColdRelate
1967-09-01,0.32,WarmRelate
1967-10-01,1.34,WarmRelate
1967-11-01,-0.91,ColdRelate
1967-12-01,-0.53,ColdRelate
1968-01-01,1.65,WarmRelate
1968-02-01,-1.53,ColdRelate
1968-03-01,0.34,WarmRelate
1968-04-01,-0.71,ColdRelate
1968-05-01,-1.5,ColdRelate
1968-06-01,0.95,WarmRelate
1968-07-01,-1.96,ColdRelate
1968-08-01,-1.45,ColdRelate
1968-09-01,0.5,WarmRelate
1968-10-01,0.03,WarmRelate
1968-11-01,-2.0,ColdRelate
1968-12-01,-1.73,ColdRelate
1969-01-01,-1.64,ColdRelate
1969-02-01,-3.16,ColdRelate
1969-03-01,-1.81,ColdRelate
1969-04-01,1.11,WarmRelate
1969-05-01,-0.23,ColdRelate
1969-06-01,-1.17,ColdRelate
1969-07-01,3.7,WarmRelate
1969-08-01,-1.62,ColdRelate
1969-09-01,0.38,WarmRelate
1969-10-01,0.7,WarmRelate
1969-11-01,-1.28,ColdRelate
1969-12-01,-0.26,ColdRelate
1970-01-01,-1.16,ColdRelate
1970-02-01,1.1,WarmRelate
1970-03-01,-1.78,ColdRelate
1970-04-01,2.52,WarmRelate
1970-05-01,1.87,WarmRelate
1970-06-01,-0.11,ColdRelate
1970-07-01,0.27,WarmRelate
1970-08-01,-0.2,ColdRelate
1970-09-01,0.47,WarmRelate
1970-10-01,0.0,WarmRelate
1970-11-01,0.76,WarmRelate
1970-12-01,-1.58,ColdRelate
1971-01-01,-0.43,ColdRelate
1971-02-01,1.21,WarmRelate
1971-03-01,-1.76,ColdRelate
1971-04-01,-3.15,ColdRelate
1971-05-01,-0.62,ColdRelate
1971-06-01,-1.32,ColdRelate
1971-07-01,-1.04,ColdRelate
1971-08-01,0.07,WarmRelate
1971-09-01,-0.54,ColdRelate
1971-10-01,1.63,WarmRelate
1971-11-01,-1.46,ColdRelate
1971-12-01,0.76,WarmRelate
1972-01-01,-0.52,ColdRelate
1972-02-01,-0.2,ColdRelate
1972-03-01,0.26,WarmRelate
1972-04-01,0.22,WarmRelate
1972-05-01,1.24,WarmRelate
1972-06-01,1.07,WarmRelate
1972-07-01,0.41,WarmRelate
1972-08-01,0.11,WarmRelate
1972-09-01,-4.11,ColdRelate
1972-10-01,-1.74,ColdRelate
1972-11-01,0.64,WarmRelate
1972-12-01,2.11,WarmRelate
1973-01-01,1.37,WarmRelate
1973-02-01,1.22,WarmRelate
1973-03-01,1.04,WarmRelate
1973-04-01,-2.61,ColdRelate
1973-05-01,0.37,WarmRelate
1973-06-01,0.83,WarmRelate
1973-07-01,-1.85,ColdRelate
1973-08-01,2.32,WarmRelate
1973-09-01,-0.79,ColdRelate
1973-10-01,-1.03,ColdRelate
1973-11-01,-0.26,ColdRelate
1973-12-01,-1.65,ColdRelate
1974-01-01,3.75,WarmRelate
1974-02-01,0.68,WarmRelate
1974-03-01,-0.81,ColdRelate
1974-04-01,-2.3,ColdRelate
1974-05-01,-0.01,ColdRelate
1974-06-01,-0.14,ColdRelate
1974-07-01,2.07,WarmRelate
1974-08-01,0.89,WarmRelate
1974-09-01,0.11,WarmRelate
1974-10-01,-1.44,ColdRelate
1974-11-01,1.27,WarmRelate
1974-12-01,3.06,WarmRelate
1975-01-01,2.43,WarmRelate
1975-02-01,0.4,WarmRelate
1975-03-01,-1.26,ColdRelate
1975-04-01,-0.84,ColdRelate
1975-05-01,-2.42,ColdRelate
1975-06-01,0.18,WarmRelate
1975-07-01,0.63,WarmRelate
1975-08-01,0.08,WarmRelate
1975-09-01,1.75,WarmRelate
1975-10-01,0.39,WarmRelate
1975-11-01,0.86,WarmRelate
1975-12-01,-1.57,ColdRelate
1976-01-01,0.75,WarmRelate
1976-02-01,1.29,WarmRelate
1976-03-01,1.87,WarmRelate
1976-04-01,-1.53,ColdRelate
1976-05-01,1.2,WarmRelate
1976-06-01,1.76,WarmRelate
1976-07-01,-0.57,ColdRelate
1976-08-01,0.62,WarmRelate
1976-09-01,-3.46,ColdRelate
1976-10-01,-0.64,ColdRelate
1976-11-01,1.5,WarmRelate
1976-12-01,-3.63,ColdRelate
1977-01-01,-2.36,ColdRelate
1977-02-01,0.28,WarmRelate
1977-03-01,1.33,WarmRelate
1977-04-01,1.07,WarmRelate
1977-05-01,-1.62,ColdRelate
1977-06-01,-0.89,ColdRelate
1977-07-01,-1.14,ColdRelate
1977-08-01,-1.42,ColdRelate
1977-09-01,1.64,WarmRelate
1977-10-01,0.45,WarmRelate
1977-11-01,0.37,WarmRelate
1977-12-01,-0.25,ColdRelate
1978-01-01,0.46,WarmRelate
1978-02-01,-1.99,ColdRelate
1978-03-01,3.1,WarmRelate
1978-04-01,-3.12,ColdRelate
1978-05-01,0.37,WarmRelate
1978-06-01,0.14,WarmRelate
1978-07-01,-0.33,ColdRelate
1978-08-01,0.05,WarmRelate
1978-09-01,1.96,WarmRelate
1978-10-01,0.02,WarmRelate
1978-11-01,3.91,WarmRelate
1978-12-01,-2.08,ColdRelate
1979-01-01,-3.22,ColdRelate
1979-02-01,-0.62,ColdRelate
1979-03-01,0.54,WarmRelate
1979-04-01,-0.79,ColdRelate
1979-05-01,1.0,WarmRelate
1979-06-01,0.45,WarmRelate
1979-07-01,2.53,WarmRelate
1979-08-01,-0.85,ColdRelate
1979-09-01,1.12,WarmRelate
1979-10-01,-1.95,ColdRelate
1979-11-01,1.95,WarmRelate
1979-12-01,2.07,WarmRelate
1980-01-01,-1.8,ColdRelate
1980-02-01,0.7,WarmRelate
1980-03-01,-0.68,ColdRelate
1980-04-01,0.03,WarmRelate
1980-05-01,-2.26,ColdRelate
1980-06-01,-0.2,ColdRelate
1980-07-01,-0.91,ColdRelate
1980-08-01,0.3,WarmRelate
1980-09-01,1.72,WarmRelate
1980-10-01,-0.87,ColdRelate
1980-11-01,-2.06,ColdRelate
1980-12-01,1.55,WarmRelate
1981-01-01,1.0,WarmRelate
1981-02-01,1.04,WarmRelate
1981-03-01,0.01,WarmRelate
1981-04-01,-3.04,ColdRelate
1981-05-01,0.05,WarmRelate
1981-06-01,-1.57,ColdRelate
1981-07-01,1.74,WarmRelate
1981-08-01,1.01,WarmRelate
1981-09-01,0.27,WarmRelate
1981-10-01,-1.06,ColdRelate
1981-11-01,1.66,WarmRelate
1981-12-01,-2.2,ColdRelate
1982-01-01,-0.72,ColdRelate
1982-02-01,2.25,WarmRelate
1982-03-01,1.66,WarmRelate
1982-04-01,-0.99,ColdRelate
1982-05-01,1.1,WarmRelate
1982-06-01,-1.86,ColdRelate
1982-07-01,-0.65,ColdRelate
1982-08-01,1.45,WarmRelate
1982-09-01,1.08,WarmRelate
1982-10-01,0.32,WarmRelate
1982-11-01,1.71,WarmRelate
1982-12-01,2.64,WarmRelate
1983-01-01,4.82,WarmRelate
1983-02-01,-1.25,ColdRelate
1983-03-01,1.79,WarmRelate
1983-04-01,-1.01,ColdRelate
1983-05-01,-0.57,ColdRelate
1983-06-01,0.54,WarmRelate
1983-07-01,-0.75,ColdRelate
1983-08-01,0.56,WarmRelate
1983-09-01,-0.65,ColdRelate
1983-10-01,2.06,WarmRelate
1983-11-01,-2.28,ColdRelate
1983-12-01,0.83,WarmRelate
1984-01-01,2.53,WarmRelate
1984-02-01,1.73,WarmRelate
1984-03-01,-2.12,ColdRelate
1984-04-01,0.33,WarmRelate
1984-05-01,-2.34,ColdRelate
1984-06-01,0.33,WarmRelate
1984-07-01,0.93,WarmRelate
1984-08-01,1.0,WarmRelate
1984-09-01,-1.31,ColdRelate
1984-10-01,1.66,WarmRelate
1984-11-01,-1.16,ColdRelate
1984-12-01,1.52,WarmRelate
1985-01-01,-2.87,ColdRelate
1985-02-01,-0.24,ColdRelate
1985-03-01,0.07,WarmRelate
1985-04-01,0.34,WarmRelate
1985-05-01,-2.13,ColdRelate
1985-06-01,-1.08,ColdRelate
1985-07-01,1.09,WarmRelate
1985-08-01,2.33,WarmRelate
1985-09-01,0.0,WarmRelate
1985-10-01,0.14,WarmRelate
1985-11-01,-2.85,ColdRelate
1985-12-01,-0.43,ColdRelate
1986-01-01,1.46,WarmRelate
1986-02-01,-4.02,ColdRelate
1986-03-01,2.86,WarmRelate
1986-04-01,-0.93,ColdRelate
1986-05-01,2.16,WarmRelate
1986-06-01,-1.29,ColdRelate
1986-07-01,0.88,WarmRelate
1986-08-01,-2.21,ColdRelate
1986-09-01,-1.34,ColdRelate
1986-10-01,2.27,WarmRelate
1986-11-01,3.41,WarmRelate
1986-12-01,3.42,WarmRelate
1987-01-01,-2.12,ColdRelate
1987-02-01,-0.24,ColdRelate
1987-03-01,0.29,WarmRelate
1987-04-01,2.59,WarmRelate
1987-05-01,-0.81,ColdRelate
1987-06-01,-0.58,ColdRelate
1987-07-01,-1.24,ColdRelate
1987-08-01,-2.99,ColdRelate
1987-09-01,1.27,WarmRelate
1987-10-01,-0.8,ColdRelate
1987-11-01,-0.67,ColdRelate
1987-12-01,-0.81,ColdRelate
1988-01-01,0.53,WarmRelate
1988-02-01,-0.11,ColdRelate
1988-03-01,0.78,WarmRelate
1988-04-01,-2.39,ColdRelate
1988-05-01,-1.24,ColdRelate
1988-06-01,-2.75,ColdRelate
1988-07-01,1.46,WarmRelate
1988-08-01,0.73,WarmRelate
1988-09-01,0.8,WarmRelate
1988-10-01,-2.02,ColdRelate
1988-11-01,-1.47,ColdRelate
1988-12-01,1.85,WarmRelate
1989-01-01,3.53,WarmRelate
1989-02-01,3.61,WarmRelate
1989-03-01,2.45,WarmRelate
1989-04-01,-0.48,ColdRelate
1989-05-01,1.16,WarmRelate
1989-06-01,-0.53,ColdRelate
1989-07-01,0.58,WarmRelate
1989-08-01,1.76,WarmRelate
1989-09-01,-0.96,ColdRelate
1989-10-01,0.88,WarmRelate
1989-11-01,-2.97,ColdRelate
1989-12-01,-2.23,ColdRelate
1990-01-01,3.5,WarmRelate
1990-02-01,5.11,WarmRelate
1990-03-01,3.11,WarmRelate
1990-04-01,1.77,WarmRelate
1990-05-01,-1.19,ColdRelate
1990-06-01,0.42,WarmRelate
1990-07-01,1.43,WarmRelate
1990-08-01,3.31,WarmRelate
1990-09-01,-0.99,ColdRelate
1990-10-01,-0.59,ColdRelate
1990-11-01,-1.48,ColdRelate
1990-12-01,0.34,WarmRelate
1991-01-01,1.87,WarmRelate
1991-02-01,-0.02,ColdRelate
1991-03-01,-1.37,ColdRelate
1991-04-01,1.48,WarmRelate
1991-05-01,-0.04,ColdRelate
1991-06-01,-0.31,ColdRelate
1991-07-01,-0.28,ColdRelate
1991-08-01,2.71,WarmRelate
1991-09-01,-1.12,ColdRelate
1991-10-01,-1.77,ColdRelate
1991-11-01,1.68,WarmRelate
1991-12-01,1.24,WarmRelate
1992-01-01,0.64,WarmRelate
1992-02-01,3.18,WarmRelate
1992-03-01,1.66,WarmRelate
1992-04-01,1.32,WarmRelate
1992-05-01,0.8,WarmRelate
1992-06-01,-1.74,ColdRelate
1992-07-01,1.04,WarmRelate
1992-08-01,3.97,WarmRelate
1992-09-01,0.99,WarmRelate
1992-10-01,-3.33,ColdRelate
1992-11-01,4.52,WarmRelate
1992-12-01,0.21,WarmRelate
1993-01-01,3.91,WarmRelate
1993-02-01,0.11,WarmRelate
1993-03-01,1.47,WarmRelate
1993-04-01,0.83,WarmRelate
1993-05-01,-2.59,ColdRelate
1993-06-01,0.16,WarmRelate
1993-07-01,0.64,WarmRelate
1993-08-01,0.75,WarmRelate
1993-09-01,-2.6,ColdRelate
1993-10-01,-4.13,ColdRelate
1993-11-01,0.77,WarmRelate
1993-12-01,2.17,WarmRelate
1994-01-01,1.28,WarmRelate
1994-02-01,0.07,WarmRelate
1994-03-01,3.68,WarmRelate
1994-04-01,1.38,WarmRelate
1994-05-01,-1.43,ColdRelate
1994-06-01,2.99,WarmRelate
1994-07-01,-0.09,ColdRelate
1994-08-01,-1.59,ColdRelate
1994-09-01,-2.85,ColdRelate
1994-10-01,-1.88,ColdRelate
1994-11-01,1.68,WarmRelate
1994-12-01,2.86,WarmRelate
1995-01-01,2.7,WarmRelate
1995-02-01,3.13,WarmRelate
1995-03-01,1.06,WarmRelate
1995-04-01,-1.81,ColdRelate
1995-05-01,-0.36,ColdRelate
1995-06-01,-3.36,ColdRelate
1995-07-01,-0.96,ColdRelate
1995-08-01,-1.33,ColdRelate
1995-09-01,-1.55,ColdRelate
1995-10-01,1.22,WarmRelate
1995-11-01,-2.73,ColdRelate
1995-12-01,-3.33,ColdRelate
1996-01-01,-3.27,ColdRelate
1996-02-01,-0.12,ColdRelate
1996-03-01,-2.57,ColdRelate
1996-04-01,-0.31,ColdRelate
1996-05-01,-1.5,ColdRelate
1996-06-01,1.43,WarmRelate
1996-07-01,1.47,WarmRelate
1996-08-01,-0.19,ColdRelate
1996-09-01,-2.23,ColdRelate
1996-10-01,-0.07,ColdRelate
1996-11-01,-0.05,ColdRelate
1996-12-01,-4.7,ColdRelate
1997-01-01,-1.95,ColdRelate
1997-02-01,5.26,WarmRelate
1997-03-01,2.09,WarmRelate
1997-04-01,-0.97,ColdRelate
1997-05-01,-1.35,ColdRelate
1997-06-01,-4.05,ColdRelate
1997-07-01,1.18,WarmRelate
1997-08-01,1.78,WarmRelate
1997-09-01,-0.67,ColdRelate
1997-10-01,-2.26,ColdRelate
1997-11-01,-0.99,ColdRelate
1997-12-01,-0.2,ColdRelate
1998-01-01,-0.28,ColdRelate
1998-02-01,2.44,WarmRelate
1998-03-01,1.24,WarmRelate
1998-04-01,-0.39,ColdRelate
1998-05-01,-1.26,ColdRelate
1998-06-01,-0.85,ColdRelate
1998-07-01,-0.57,ColdRelate
1998-08-01,1.8,WarmRelate
1998-09-01,-3.48,ColdRelate
1998-10-01,1.34,WarmRelate
1998-11-01,1.13,WarmRelate
1998-12-01,1.95,WarmRelate
1999-01-01,0.9,WarmRelate
1999-02-01,1.8,WarmRelate
1999-03-01,-0.72,ColdRelate
1999-04-01,0.43,WarmRelate
1999-05-01,1.03,WarmRelate
1999-06-01,1.39,WarmRelate
1999-07-01,-1.85,ColdRelate
1999-08-01,-3.67,ColdRelate
1999-09-01,-0.51,ColdRelate
1999-10-01,-0.69,ColdRelate
1999-11-01,0.3,WarmRelate
1999-12-01,2.13,WarmRelate
2000-01-01,0.35,WarmRelate
2000-02-01,4.37,WarmRelate
2000-03-01,0.54,WarmRelate
2000-04-01,-3.34,ColdRelate
2000-05-01,0.31,WarmRelate
2000-06-01,0.89,WarmRelate
2000-07-01,-2.99,ColdRelate
2000-08-01,0.78,WarmRelate
2000-09-01,-1.1,ColdRelate
2000-10-01,2.26,WarmRelate
2000-11-01,-0.24,ColdRelate
2000-12-01,-1.41,ColdRelate
2001-01-01,0.02,WarmRelate
2001-02-01,0.07,WarmRelate
2001-03-01,-0.68,ColdRelate
2001-04-01,1.24,WarmRelate
2001-05-01,-0.09,ColdRelate
2001-06-01,-1.33,ColdRelate
2001-07-01,-1.12,ColdRelate
2001-08-01,1.64,WarmRelate
2001-09-01,-3.83,ColdRelate
2001-10-01,0.88,WarmRelate
2001-11-01,0.01,WarmRelate
2001-12-01,-2.25,ColdRelate
2002-01-01,2.31,WarmRelate
2002-02-01,3.01,WarmRelate
2002-03-01,0.09,WarmRelate
2002-04-01,0.91,WarmRelate
2002-05-01,-0.05,ColdRelate
2002-06-01,0.9,WarmRelate
2002-07-01,-0.71,ColdRelate
2002-08-01,-0.61,ColdRelate
2002-09-01,-3.58,ColdRelate
2002-10-01,-1.5,ColdRelate
2002-11-01,-0.27,ColdRelate
2002-12-01,-0.98,ColdRelate
2003-01-01,0.15,WarmRelate
2003-02-01,1.34,WarmRelate
2003-03-01,1.08,WarmRelate
2003-04-01,-1.74,ColdRelate
2003-05-01,1.17,WarmRelate
2003-06-01,-0.86,ColdRelate
2003-07-01,0.09,WarmRelate
2003-08-01,-0.99,ColdRelate
2003-09-01,0.35,WarmRelate
2003-10-01,-3.68,ColdRelate
2003-11-01,0.31,WarmRelate
2003-12-01,-0.85,ColdRelate
2004-01-01,0.2,WarmRelate
2004-02-01,-1.23,ColdRelate
2004-03-01,1.07,WarmRelate
2004-04-01,1.08,WarmRelate
2004-05-01,-0.67,ColdRelate
2004-06-01,-0.38,ColdRelate
2004-07-01,-0.3,ColdRelate
2004-08-01,-0.76,ColdRelate
2004-09-01,2.51,WarmRelate
2004-10-01,-2.18,ColdRelate
2004-11-01,-0.55,ColdRelate
2004-12-01,1.27,WarmRelate
2005-01-01,1.82,WarmRelate
2005-02-01,-2.25,ColdRelate
2005-03-01,-1.29,ColdRelate
2005-04-01,0.71,WarmRelate
2005-05-01,-0.13,ColdRelate
2005-06-01,-1.0,ColdRelate
2005-07-01,-0.08,ColdRelate
2005-08-01,0.94,WarmRelate
2005-09-01,0.5,WarmRelate
2005-10-01,-0.45,ColdRelate
2005-11-01,-1.01,ColdRelate
2005-12-01,-0.81,ColdRelate
2006-01-01,-0.1,ColdRelate
2006-02-01,1.24,WarmRelate
2006-03-01,-1.12,ColdRelate
2006-04-01,0.57,WarmRelate
2006-05-01,-0.22,ColdRelate
2006-06-01,-0.41,ColdRelate
2006-07-01,0.83,WarmRelate
2006-08-01,-2.47,ColdRelate
2006-09-01,-1.02,ColdRelate
2006-10-01,-1.97,ColdRelate
2006-11-01,1.7,WarmRelate
2006-12-01,3.08,WarmRelate
2007-01-01,1.77,WarmRelate
2007-02-01,0.42,WarmRelate
2007-03-01,2.03,WarmRelate
2007-04-01,-0.1,ColdRelate
2007-05-01,0.62,WarmRelate
2007-06-01,-3.34,ColdRelate
2007-07-01,-1.05,ColdRelate
2007-08-01,-3.41,ColdRelate
2007-09-01,-1.18,ColdRelate
2007-10-01,-0.02,ColdRelate
2007-11-01,-1.67,ColdRelate
2007-12-01,1.42,WarmRelate
2008-01-01,1.87,WarmRelate
2008-02-01,1.81,WarmRelate
2008-03-01,0.37,WarmRelate
2008-04-01,-2.02,ColdRelate
2008-05-01,-3.26,ColdRelate
2008-06-01,-2.05,ColdRelate
2008-07-01,-1.38,ColdRelate
2008-08-01,-0.21,ColdRelate
2008-09-01,-2.07,ColdRelate
2008-10-01,0.01,WarmRelate
2008-11-01,-1.3,ColdRelate
2008-12-01,-0.58,ColdRelate
2009-01-01,0.61,WarmRelate
2009-02-01,-1.43,ColdRelate
2009-03-01,0.15,WarmRelate
2009-04-01,1.74,WarmRelate
2009-05-01,1.52,WarmRelate
2009-06-01,-3.05,ColdRelate
2009-07-01,-0.92,ColdRelate
2009-08-01,1.07,WarmRelate
2009-09-01,-0.63,ColdRelate
2009-10-01,-2.0,ColdRelate
2009-11-01,1.68,WarmRelate
2009-12-01,-3.72,ColdRelate
2010-01-01,-2.38,ColdRelate
2010-02-01,-3.25,ColdRelate
2010-03-01,-0.8,ColdRelate
2010-04-01,-1.03,ColdRelate
2010-05-01,-1.66,ColdRelate
2010-06-01,-2.4,ColdRelate
2010-07-01,0.06,WarmRelate
2010-08-01,-2.01,ColdRelate
2010-09-01,-2.38,ColdRelate
2010-10-01,-2.41,ColdRelate
2010-11-01,-3.34,ColdRelate
2010-12-01,-4.62,ColdRelate
2011-01-01,-1.38,ColdRelate
2011-02-01,2.79,WarmRelate
2011-03-01,-0.44,ColdRelate
2011-04-01,2.39,WarmRelate
2011-05-01,1.08,WarmRelate
2011-06-01,-1.58,ColdRelate
2011-07-01,-3.39,ColdRelate
2011-08-01,-0.18,ColdRelate
2011-09-01,2.97,WarmRelate
2011-10-01,1.45,WarmRelate
2011-11-01,0.74,WarmRelate
2011-12-01,3.2,WarmRelate
2012-01-01,2.05,WarmRelate
2012-02-01,1.2,WarmRelate
2012-03-01,1.78,WarmRelate
2012-04-01,-2.36,ColdRelate
2012-05-01,-0.83,ColdRelate
2012-06-01,-2.58,ColdRelate
2012-07-01,-1.31,ColdRelate
2012-08-01,-0.44,ColdRelate
2012-09-01,-1.44,ColdRelate
2012-10-01,-3.21,ColdRelate
2012-11-01,-1.11,ColdRelate
2012-12-01,0.6,WarmRelate
2013-01-01,1.08,WarmRelate
2013-02-01,-0.26,ColdRelate
2013-03-01,-3.75,ColdRelate
2013-04-01,0.03,WarmRelate
2013-05-01,1.23,WarmRelate
2013-06-01,1.4,WarmRelate
2013-07-01,2.52,WarmRelate
2013-08-01,2.16,WarmRelate
2013-09-01,-0.57,ColdRelate
2013-10-01,-0.36,ColdRelate
2013-11-01,0.04,WarmRelate
2013-12-01,3.54,WarmRelate
2014-01-01,0.71,WarmRelate
2014-02-01,2.32,WarmRelate
2014-03-01,1.64,WarmRelate
2014-04-01,0.84,WarmRelate
2014-05-01,-0.08,ColdRelate
2014-06-01,-1.98,ColdRelate
2014-07-01,0.91,WarmRelate
2014-08-01,-1.14,ColdRelate
2014-09-01,-2.1,ColdRelate
2014-10-01,0.31,WarmRelate
2014-11-01,-2.17,ColdRelate
2014-12-01,1.89,WarmRelate
2015-01-01,2.81,WarmRelate
2015-02-01,1.47,WarmRelate
2015-03-01,1.99,WarmRelate
2015-04-01,1.03,WarmRelate
2015-05-01,2.09,WarmRelate
2015-06-01,0.28,WarmRelate
2015-07-01,-2.16,ColdRelate
2015-08-01,1.47,WarmRelate
2015-09-01,-1.65,ColdRelate
2015-10-01,-1.13,ColdRelate
2015-11-01,3.54,WarmRelate
2015-12-01,4.22,WarmRelate
2016-01-01,1.16,WarmRelate
2016-02-01,1.61,WarmRelate
2016-03-01,0.33,WarmRelate
2016-04-01,-2.06,ColdRelate
2016-05-01,-0.82,ColdRelate
2016-06-01,-1.27,ColdRelate
2016-07-01,2.18,WarmRelate
2016-08-01,2.14,WarmRelate
2016-09-01,2.45,WarmRelate
2016-10-01,-1.47,ColdRelate
2016-11-01,-1.61,ColdRelate
2016-12-01,2.1,WarmRelate
2017-01-01,0.17,WarmRelate
2017-02-01,1.38,WarmRelate
2017-03-01,1.05,WarmRelate
2017-04-01,1.5,WarmRelate
2017-05-01,0.38,WarmRelate
2017-06-01,-0.55,ColdRelate
2017-07-01,0.1,WarmRelate
2017-08-01,-0.04,ColdRelate
2017-09-01,1.42,WarmRelate
2017-10-01,1.36,WarmRelate
2017-11-01,-0.9,ColdRelate
2017-12-01,1.0,WarmRelate
2018-01-01,1.82,WarmRelate
2018-02-01,-0.1,ColdRelate
2018-03-01,-1.12,ColdRelate
2018-04-01,2.37,WarmRelate
2018-05-01,2.01,WarmRelate
2018-06-01,-1.4,ColdRelate
2018-07-01,3.83,WarmRelate
2018-08-01,-1.0,ColdRelate
2018-09-01,0.45,WarmRelate
2018-10-01,-1.17,ColdRelate
2018-11-01,-1.28,ColdRelate
2018-12-01,-1.0,ColdRelate
